Known name,Extended benchmark name,Paper title,D,Column 3,Year,Modalities,Skills and categories,Column 7,Column 8,Column 9,Column 10,Column 11,Column 12,,
NSynth,,Neural Audio Synthesis of Musical Notes with WaveNet Autoencoders,Pitch and instrument,MCL,2017,Music,"Instrument source (acoustic, electronics, synthetic), pitch, note quality (bright, dark, decay, …), and family (type)",,305979,https://arxiv.org/pdf/1704.01279,?,?,"AF3, AF-Next, MuFun, MERT, Music Flamingo",,"@misc{nsynth2017,
    Author = {Jesse Engel and Cinjon Resnick and Adam Roberts and
              Sander Dieleman and Douglas Eck and Karen Simonyan and
              Mohammad Norouzi},
    Title = {Neural Audio Synthesis of Musical Notes with WaveNet Autoencoders},
    Year = {2017},
    Eprint = {arXiv:1704.01279},
}
"
MARBLE,,MARBLE: Music Audio Representation Benchmark  for Universal Evaluation,Multi-task,Task-specificQ,2023,Music,"18 tasks across 4 hierarchy levels (acoustic, performance, score, high-level description): Key Detection, Music Tagging, Genre Classification, Emotion Detection, Score-level Pitch Classification, Beat Tracking, Melody Extraction, Chord Estimation, Lyrics Transcription, Vocal Technique Detection, Singer Identification, Instrument Classification, Source Separation","12 datasets: Giantsteps key, MagnaTagATune, MTG Top50, GTZAN, MTG Genre, Emomusic, MTG MoodTheme, Nsynth, GTZAN Rhythm, MelodyDB, GuitarSet, MulJam2.0, Jamendo, VocalSet, MUSDB18",?,https://arxiv.org/abs/2306.10548,?,https://github.com/a43992899/MARBLE-Benchmark,,,"@misc{yuanMARBLEMusicAudio2023,
  title = {{{MARBLE}}: {{Music Audio Representation Benchmark}} for {{Universal Evaluation}}},
  shorttitle = {{{MARBLE}}},
  author = {Yuan, Ruibin and Ma, Yinghao and Li, Yizhi and Zhang, Ge and Chen, Xingran and Yin, Hanzhi and Zhuo, Le and Liu, Yiqi and Huang, Jiawen and Tian, Zeyue and Deng, Binyue and Wang, Ningzhi and Lin, Chenghua and Benetos, Emmanouil and Ragni, Anton and Gyenge, Norbert and Dannenberg, Roger and Chen, Wenhu and Xia, Gus and Xue, Wei and Liu, Si and Wang, Shi and Liu, Ruibo and Guo, Yike and Fu, Jie},
  year = 2023,
  month = nov,
  number = {arXiv:2306.10548},
  eprint = {2306.10548},
  primaryclass = {cs},
  publisher = {arXiv},
  doi = {10.48550/arXiv.2306.10548},
  archiveprefix = {arXiv},
}"
MMAU Splits (test-mini: test),Massive Multi-Task Audio Understanding and Reasoning Benchmark,MMAU: A MASSIVE MULTI-TASK AUDIO UNDERSTANDING AND REASONING BENCHMARK,Multi-task,MCQ,2024,"Sound, speech, music","27 skills across information extraction and reasoning. Information extraction: Eco-Acoustic Knowledge, Sound-Based Event Recognition, Melodic Structure Interpretation, Harmony and Chord Progressions, Rhythm and Tempo Understanding, Instrumentation, Musical Texture Interpretation, Event-Based Knowledge Retrieval, Phonemic Stress Pattern Analysis, Conversational Fact Retrieval, Key Highlight Extraction. Reasoning: Temporal Event Reasoning, Event-Based Sound Reasoning, Ambient Sound Interpretation, Acoustic Source Inference, Acoustic Scene Reasoning, Emotional Tone Interpretation, Temporal Reasoning, Musical Genre Reasoning, Lyrical Reasoning, Socio-cultural Interpretation, Emotion Flip Detection, Multi Speaker Role Mapping, Emotion State Summarisation, Counting, Dissonant Emotion Interpretation","Pooled from several datasets: Audioset (2788), AudioSet Strong (391), Mustard (405), MELD (540), VoxCeleb-1 (633), IEMOCAP (515), MusicBench (1937), Jamendo (32), SDD (277), MusicCaps (514), GuitarSet (506), MUSDB18 (68), Synthetic (1394)",10000,arxiv.org/abs/2410.19168,https://huggingface.co/datasets/gamma-lab-umd/MMAU-test-mini; https://huggingface.co/datasets/gamma-lab-umd/MMAU-test,https://github.com/Sakshi113/MMAU,"AF3, AF-Next, MuFun, Music Flamingo",,"@misc{sakshiMMAUMassiveMultiTask2024,
  title = {{{MMAU}}: {{A Massive Multi-Task Audio Understanding}} and {{Reasoning Benchmark}}},
  shorttitle = {{{MMAU}}},
  author = {Sakshi, S. and Tyagi, Utkarsh and Kumar, Sonal and Seth, Ashish and Selvakumar, Ramaneswaran and Nieto, Oriol and Duraiswami, Ramani and Ghosh, Sreyan and Manocha, Dinesh},
  year = 2024,
  month = oct,
  number = {arXiv:2410.19168},
  eprint = {2410.19168},
  primaryclass = {eess},
  publisher = {arXiv},
  doi = {10.48550/arXiv.2410.19168},
  archiveprefix = {arXiv},
}"
MuChoMusic,?,Evaluating Music Understanding in Multimodal Audio-Language Models,Multi-task,MCQ,2024,Music,"Music knowledge (Performance Metre and Rhythm, Sound Texture Melody Harmony Structure, Instrumentation) and reasoning (Mood & Expression Genre & Style, FunctionalContext TemporalRelations Lyrics Cultural Conte)",MusicCaps and the Song Describer Dataset,1187,arxiv.org/abs/2408.01337,huggingface.co/datasets/mulab-mir/muchomusic,https://mulab-mir.github.io/muchomusic,"AF3, AF-Next, MuFun, Music Flamingo, TinyMU",,"@misc{weckMuChoMusicEvaluatingMusic2024,
  title = {{{MuChoMusic}}: {{Evaluating Music Understanding}} in {{Multimodal Audio-Language Models}}},
  shorttitle = {{{MuChoMusic}}},
  author = {Weck, Benno and Manco, Ilaria and Benetos, Emmanouil and Quinton, Elio and Fazekas, George and Bogdanov, Dmitry},
  year = 2024,
  month = aug,
  number = {arXiv:2408.01337},
  eprint = {2408.01337},
  primaryclass = {cs},
  publisher = {arXiv},
  doi = {10.48550/arXiv.2408.01337},
  archiveprefix = {arXiv},
}"
Percepiano,Piano Performance Evaluation Dataset with Multi-level Perceptual Features,Piano performance evaluation dataset with multilevel perceptual features,Piano performance evaluation,Multi-class,2024,,Interpretation and perceptual features,,,https://www.nature.com/articles/s41598-024-73810-0,?,github.com/JonghoKimSNU/PercePiano,,,
MMAR,?,"MMAR: A Challenging Benchmark for Deep Reasoning in Speech, Audio, Music, and Their Mix",Multi-task,MCQ,2025,"Sound, music, speech, mix","16 skills across Signal, Perception, and Semantic & Cultural: Acoustic Quality Analysis, Anomaly Detection, Audio Difference Analysis, Spatial Analysis, Temporal Analysis, Correlation Analysis, Counting and Statistics, Music Theory, Environmental Perception and Reasoning, Content Analysis, Emotion and Intention, Speaker Analysis, Culture of Speaker, Imagination, Aesthetic Analysis, Professional Knowledge & Reasoning",Real-world internet videos,1000,arxiv.org/abs/2505.13032,https://huggingface.co/datasets/BoJack/MMAR,https://github.com/ddlBoJack/MMAR,"AF3, AF-Next, Music Flamingo",,"@misc{maMMARChallengingBenchmark2025,
  title = {{{MMAR}}: {{A Challenging Benchmark}} for {{Deep Reasoning}} in {{Speech}}, {{Audio}}, {{Music}}, and {{Their Mix}}},
  shorttitle = {{{MMAR}}},
  author = {Ma, Ziyang and Ma, Yinghao and Zhu, Yanqiao and Yang, Chen and Chao, Yi-Wen and Xu, Ruiyang and Chen, Wenxi and Chen, Yuanzhe and Chen, Zhuo and Cong, Jian and Li, Kai and Li, Keliang and Li, Siyou and Li, Xinfeng and Li, Xiquan and Lian, Zheng and Liang, Yuzhe and Liu, Minghao and Niu, Zhikang and Wang, Tianrui and Wang, Yuping and Wang, Yuxuan and Wu, Yihao and Yang, Guanrou and Yu, Jianwei and Yuan, Ruibin and Zheng, Zhisheng and Zhou, Ziya and Zhu, Haina and Xue, Wei and Benetos, Emmanouil and Yu, Kai and Chng, Eng-Siong and Chen, Xie},
  year = 2025,
  month = may,
  number = {arXiv:2505.13032},
  eprint = {2505.13032},
  primaryclass = {cs},
  publisher = {arXiv},
  doi = {10.48550/arXiv.2505.13032},
  archiveprefix = {arXiv},
}"
MMAU-Pro,Massive Multitask Audio Understanding and Reasoning Benchmark — Pro,MMAU-Pro: A Challenging and Comprehensive Benchmark for Holistic Evaluation of Audio General Intelligence,Multi-task,"MCQ, OEQ",2025,"Sound, music, speech, mix",49 skills across perceptual and reasoning categories,“from the wild”,5305,arxiv.org/abs/2508.13992,https://huggingface.co/datasets/gamma-lab-umd/MMAU-Pro,https://github.com/sonalkum/MMAUPro,"AF-Next, Music Flamingo",,"@misc{kumarMMAUProChallengingComprehensive2025,
  title = {{{MMAU-Pro}}: {{A Challenging}} and {{Comprehensive Benchmark}} for {{Holistic Evaluation}} of {{Audio General Intelligence}}},
  shorttitle = {{{MMAU-Pro}}},
  author = {Kumar, Sonal and Sedl{\'a}{\v c}ek, {\v S}imon and Lokegaonkar, Vaibhavi and L{\'o}pez, Fernando and Yu, Wenyi and Anand, Nishit and Ryu, Hyeonggon and Chen, Lichang and Pli{\v c}ka, Maxim and Hlav{\'a}{\v c}ek, Miroslav and Ellingwood, William Fineas and Udupa, Sathvik and Hou, Siyuan and Ferner, Allison and Barahona, Sara and Bola{\~n}os, Cecilia and Rahi, Satish and {Herrera-Alarc{\'o}n}, Laura and Dixit, Satvik and Patil, Siddhi and Deshmukh, Soham and Koroshinadze, Lasha and Liu, Yao and Perera, Leibny Paola Garcia and Zanou, Eleni and Stafylakis, Themos and Chung, Joon Son and Harwath, David and Zhang, Chao and Manocha, Dinesh and {Lozano-Diez}, Alicia and Kesiraju, Santosh and Ghosh, Sreyan and Duraiswami, Ramani},
  year = 2025,
  month = aug,
  number = {arXiv:2508.13992},
  eprint = {2508.13992},
  primaryclass = {eess},
  publisher = {arXiv},
  doi = {10.48550/arXiv.2508.13992},
  archiveprefix = {arXiv},
}"
CMI-Bench,,CMI-BENCH: A COMPREHENSIVE BENCHMARK FOR EVALUATING  MUSIC INSTRUCTION FOLLOWING,Multi-task,Task-specificQ,2025,Music,"14 tasks spanning multi-class, multi-label, regression, captioning, and sequential prediction","20 datasets: GS, EMO, MagnaTagATune, MTG-Top50, MTG-Instrument, Nsynth-Instrument, MTG-Genre, GTZAN, MTG-Emotion, Nsynth-Pitch, VocalSet, SDD, MusicCaps, DSing, GTZAN-Rhythm, ballroom, GTZAN-Rhythm (DownBeat), ballroom (DownBeat), MedleyDB v2, GuZheng_99",?,arxiv.org/abs/2506.12285,https://huggingface.co/datasets/nicolaus625/CMI-bench,https://github.com/nicolaus625/CMI-bench/tree/main,…,Task-specific metrics,"@misc{maCMIBenchComprehensiveBenchmark2025,
  title = {{{CMI-Bench}}: {{A Comprehensive Benchmark}} for {{Evaluating Music Instruction Following}}},
  shorttitle = {{{CMI-Bench}}},
  author = {Ma, Yinghao and Li, Siyou and Yu, Juntao and Benetos, Emmanouil and Maezawa, Akira},
  year = 2025,
  month = jun,
  number = {arXiv:2506.12285},
  eprint = {2506.12285},
  primaryclass = {eess},
  publisher = {arXiv},
  doi = {10.48550/arXiv.2506.12285},
  archiveprefix = {arXiv},
}"
MUSE,Music Understanding and Structural Evaluation Benchmark,THE MUSE BENCHMARK: PROBING MUSIC PERCEPTION AND AUDITORY  RELATIONAL REASONING IN AUDIO LLMS,Low-level tasks,MCQ,2025,Music,"10 skills across beginner and advanced levels. Beginner: Pitch Shift Detection, Rhythm Matching, Oddball Detection, Instrument ID, Melody Shape ID. Advanced: Chord Identification, Syncopation, Key Modulation, Chord Seq. Matching, Meter Identification",Self-composed and recorded,200 stimuli,arxiv.org/abs/2510.19055,https://airtable.com/appQCPXVEeadwacMP/shrHV0OjuwxYBzJ78,https://github.com/brandoncarone/MUSE_music_benchmark,,,"@misc{caroneMUSEBenchmarkProbing2025,
  title = {The {{MUSE Benchmark}}: {{Probing Music Perception}} and {{Auditory Relational Reasoning}} in {{Audio LLMS}}},
  shorttitle = {The {{MUSE Benchmark}}},
  author = {Carone, Brandon James and Roman, Iran R. and Ripoll{\'e}s, Pablo},
  year = 2025,
  month = oct,
  number = {arXiv:2510.19055},
  eprint = {2510.19055},
  primaryclass = {cs},
  publisher = {arXiv},
  doi = {10.48550/arXiv.2510.19055},
  archiveprefix = {arXiv},
}"
EMO,,,Music emotion recognition,,,,,,,,,,MERT,,
CMM,,,Audio model hallucination assessment,,,,,,,,,,"AF3, AF-Next",,
salami_pred,,,Music structure prediction,,,,,,,,,,MuFun,,
IEMOCAP,,,Speech emotion recognition,,,,,,,,,,AF3,,
MUSDB,,,Audio music source separation,,,,,,,,,,"MERT, Music Flamingo",,
salami_cnt,,,Music structure counting,,,,,,,,,,MuFun,,
ballroom_genres,,,Dance music genre classification,,,,,,,,,,MuFun,,
gtzan,,,Music genre classification,,,,,,,,,,"MuFun, MERT, Music Flamingo, TinyMU",,
SongCaps,,,Song captioning and description,,,,,,,,,,"AF-Next, Music Flamingo",,
TEDLIUM,,,Speech recognition from TED talks,,,,,,,,,,"AF3, AF-Next",,
md4q,,,Music emotion quadrant classification,,,,,,,,,,MuFun,,
tat,,,Music tagging and classification,,,,,,,,,,"MuFun, MERT",,
Speech,,,Audio-speech capability evaluation,,,,,,,,,,"AF3, AF-Next",,
MMSU,,,Multi-modal speech/audio understanding,,,,,,,,,,"AF3, AF-Next",,
salami_overall,,,Comprehensive music structure analysis,,,,,,,,,,MuFun,,
gs_key_30s,,,Music key identification,,,,,,,,,,"MuFun, MERT",,
CochlScene,,,Acoustic scene classification,,,,,,,,,,AF3,,
GigaSpeech,,,Large-scale speech recognition,,,,,,,,,,"AF-Next, Music Flamingo",,
mtg_genre,,,Music genre classification,,,,,,,,,,"MuFun, MERT",,
VocalSet,,,Singing voice technique classification,,,,,,,,,,MERT,,
Music Instruct,,,Long-form music instruction following,,,,,,,,,,"AF3, Music Flamingo",,
MTG Top50,,,Popular music tagging and classification,,,,,,,,,,MERT,,
AudioCaps,,,Describing audio clips in text,,,,,,,,,,"AF3, AF-Next",,
CompA-R-test,,,Compositional audio reasoning,,,,,,,,,,"AF3, AF-Next",,
MusicAVQA,,,Audio-visual question answering,,,,,,,,,,"AF3, Music Flamingo",,
NonSpeech7k,,,Non-speech audio classification,,,,,,,,,,"AF3, AF-Next",,
guitarset,,,Guitar chord identification,,,,,,,,,,MuFun,,
LibriSpeech,,,Automatic speech recognition,,,,,,,,,,"AF3, AF-Next",,
lyr,,,Analysis of song lyrics,,,,,,,,,,MuFun,,
Medley-Solos-DB,,,Solo musical instrument recognition,,,,,,,,,,"AF-Next, Music Flamingo, TinyMU",,
mtg_ins,,,Instrument tracking/classification,,,,,,,,,,"MuFun, MERT",,
VoxPopuli,,,Political speech recognition,,,,,,,,,,"AF3, AF-Next",,
Opencpop,,,Singing voice lyrics transcription,,,,,,,,,,Music Flamingo,,
fma-small,,,Music genre classification (small subset),,,,,,,,,,MuFun,,
ins_cls,,,Musical instrument classification,,,,,,,,,,MuFun,,
mqa,,,Music question answering,,,,,,,,,,MuFun,,
mtg_mood,,,Music mood and emotion detection,,,,,,,,,,"MuFun, MERT",,
LibriSQA,,,Spoken question answering,,,,,,,,,,"AF3, AF-Next",,
ballroom_tempo,,,Tempo and rhythm analysis,,,,,,,,,,MuFun,,
LongAudioBench,,,Long audio understanding,,,,,,,,,,"AF3, AF-Next",,
SPGISpeech,,,Automatic speech recognition,,,,,,,,,,"AF3, AF-Next",,
Clotho,,,Audio question answering,,,,,,,,,,AF3,,
salami_segd,,,Music structural segmentation,,,,,,,,,,MuFun,,
mcaps,,,Music captioning and description,,,,,,,,,,"MuFun, Music Flamingo, TinyMU",,
Audio Entailment,,,Text-to-audio relationship logic,,,,,,,,,,"AF3, AF-Next",,
Common Voice 15,,,Crowdsourced speech recognition,,,,,,,,,,"AF3, AF-Next",,
fma-medium,,,Music genre classification (medium subset),,,,,,,,,,MuFun,,
