Stimulus_ID,Tasks,Key,BPM,Meter,Duration (s),Audio FIle,Applied_Tags
Beat_11_140.wav,Rhythm Matching,N/A,140,4/4,4,Beat_11_140.wav (https://v5.airtableusercontent.com/v3/u/54/54/1782770400000/KhDvT9qV_ROtn-dFYKi86w/vrDAbubdY-AaYjkg-OcxFnK0LtTsNGRGWkTjXntkHIcU8bx4uAbSk0KjmSxuDDWR-aSlg-46tHxGAZpVgccCuBXN4y3APcVtzS2WW1Af3bT7FOpGN_CJR2pNLqhWM0fJTCaIyGNHbIv9rPfRayEj9H8-vlgW7VOK6Yqj4XSNdfM/HsVRurvDUlLgKkZGfOz_I2jYdvn2CTB8woifbkuuZoc),
Beat_12_140.wav,Rhythm Matching,N/A,140,4/4,5,Beat_12_140.wav (https://v5.airtableusercontent.com/v3/u/54/54/1782770400000/L9_Lub6zP1dMv358BGypJw/7LEBEM8uxmDrwWYwVatR2s4pJpjfAvBIP-bhK6sfs-MUR-qRbs8Q6tbYNap3z2f0MeLlfqWpL6b_g4MB0HFz6xVnvBHBYI6tQP9rIfs43vNSCee6y0RiXvNBJnx5ROSBCVlXAB5ezeLTEHiOu54oASCMGOb72uh4OEwEXYYlg2o/rqE1R2ZA7mp-LT6Jq_LdUXAzYhiWePB5OMRUJJrct9M),
Abmajor_Piano_120.wav,Instrument Identification,Ab major,120,4/4,10,Abmajor_Piano_120.wav (https://v5.airtableusercontent.com/v3/u/54/54/1782770400000/9CbN047ip2SuzzzBgw-h2w/61UUqcfHjlqQ5wkWSqI1SqDlItE4Tnez9FcbwHsQ34cwedk_fsgl3hu_lUkRuXa1_hk7QSOgAoBvMyJt3rapyGnl7BYIc8prqm0T4LEOmYnxydlFCrXkbGxAexX22CWV1SOUWD44nAzHe_S53_lt5_uS8QfK0YpDE15O1Cvfopc/UI3f-svTVuoty8-zusgjCeJGlW4Vw680Mg3AGfTPgVg),
Bbminor_Piano_120.wav,Instrument Identification,Bb minor,120,4/4,10,Bbminor_Piano_120.wav (https://v5.airtableusercontent.com/v3/u/54/54/1782770400000/q75nj3dAvopf-cNweJpA3Q/Mh4H6VLFMqwsERA2uq3NO15qo7-HgFhtAHGDly7CMrb4plGK3a3yF8pgkYFcmf4RMtSYsFG3bIK0D6LMdeP-HjWmT0R4V2viOeBW9ChlVVTdgnHkuKtKyd2xoeQAcHjwMgOYZrJQdVRcwZo0HW205nPXvXkZL3GN8edP1vDea5o/X6qwbivqPyP5aY3Wg1UNmyrsHjkCR4jMYdFmhUQ1QQs),
Bmajor_Guitar_120.wav,Instrument Identification,B major,120,4/4,9,Bmajor_Guitar_120.wav (https://v5.airtableusercontent.com/v3/u/54/54/1782770400000/a8ah0Puh8YJr8qTxSymteQ/6opoWDEdzf7SXs9hvqW2BqrmPnz0at2SDYmnU1IpI85-7T5BJFXVaPAv3oTFpQ3V18ixbvu1K4GJL3YVhOzXF99vUTTOilf1Bn5JiEIfIbBo3xUORJy-V9KF79hTEnFtUvk4Z6xpISDQB4jklYj01ACfRlqbpnYp4PDv2zJ613E/LibOppLpPJzpYIHM1-_jscX9RGukLoTWQ_akHRbadZ0),
Eminor_Guitar_120.wav,Instrument Identification,E minor,120,4/4,8,Eminor_Guitar_120.wav (https://v5.airtableusercontent.com/v3/u/54/54/1782770400000/W8AQ5WDWFL5qboOf316hfQ/5MS9c-fEWN5rbLjfiYyMliHpbZavjjYVA9VY9c66Pq53w9K2ZV4d0JNR2xE2ZjkGIuypiCMezA8QPvztdxKGhqKoy4YIWZdTAIQBsiavVvuRCdzIpvaLWCxldv4FKO8JYcUT8bOXyFytQyHJo-eC8w-kvSZGyPstj4ZyJCOVRvk/gEvZwCvMrE9tUEjIu3Z2H0cN0l_4vlOfI-FqzDCsnLE),
Beat_1_140.wav,"Instrument Identification,Rhythm Matching",N/A,140,4/4,4,Beat_1_140.wav (https://v5.airtableusercontent.com/v3/u/54/54/1782770400000/YkBJ0PlfAFc-cY20xUbY1g/5slVKInBRylVUCqR8h-ol_7qbaa__ta_RUMzFU3wAZoMLFCOpk_I3RrLTv7mwstmJadKKvu5wpo4ju9A50awTzJZDeINj64hJc6sAufuGsW6s1ANMquhN6gbEFW0y9nAOnDdC0zs6HJsx2lGAgRmBWKI8G5rtVv8c8rR-9tiqV0/q93miGqVXds2tyzXfTqXzSOea_WW4dQoeWuJJGBkUW0),
Beat_5_140.wav,"Instrument Identification,Rhythm Matching",N/A,140,4/4,4,Beat_5_140.wav (https://v5.airtableusercontent.com/v3/u/54/54/1782770400000/ZFpRdOnbcVRX6uWxHt1heg/xrYXaaN7kRfM7SpQS6SKot2t_1YtxIq4kyOnfqWKGdKjc7xkTm2bF356kLjq2T-HTWR2vMVtGhPQ-RBAj_WNLPQaiJAXb4WXEdi_SwMQxn2WHmTKN-0xkStvsjpp_EWrk1eGwEf0t9vAoU-8dUBQFHGeVqpG71ZQrOm8j-lshpE/eLXZf66dQHhvdWbk0yHgI4ez3RR8f1K1gpB2MmaSXvQ),
Beat_3_140.wav,"Instrument Identification,Rhythm Matching",N/A,140,4/4,5,Beat_3_140.wav (https://v5.airtableusercontent.com/v3/u/54/54/1782770400000/68HZI7FwvTLUFl_AEE117A/EAxNYXc3jwT_99cxPd-bjzz2rj-FZhmTs5qAMTizchG1sfX2dh_XlWUjp2thpMQzigj3cr0t_V1qG6huhiCpYvJH-1AyvNIo8dId1xKH96brI608baN_i0oZ7F0qAfWfiTOjF8iNn_RpA_m4L6CaP-1yKGSYXdX7o6A-efc3XxY/LLfuHsLkEFucp1w0pKa2QhIUvzE5gryefZvZJmmpsOE),
Beat_2_140.wav,"Instrument Identification,Rhythm Matching",N/A,140,4/4,5,Beat_2_140.wav (https://v5.airtableusercontent.com/v3/u/54/54/1782770400000/_X6B5o2EY7EfhP-uibxTZg/MD6YivpVu7E-YiHF1L7Nvuwb_lf1gTYVcj--MW4cHB39rbsA63DtR1Gi0PYFLZlKUscb0FwrV-rfXTgj1XYprPKQ7UVw9pnxXekoet6v1ye-no_BUKLLp40ukEUNZwaPpeGhH6lyzKf212FwSphLtduZyNJuvyvAODt3bDxMXcU/rjLWXTG2T6_Yi-n1NeuN91HgssW8c1DYVJyi7fgdUsI),
Beat_4_140_34.wav,"Instrument Identification,Rhythm Matching",N/A,140,3/4,4,Beat_4_140_34.wav (https://v5.airtableusercontent.com/v3/u/54/54/1782770400000/E1gxbU1xdEyQUub2lwaUEg/yUakUTjyePc8LDbg5gnUr-1urp3Ib_BoWoV4Dpti9xbYVxw1-3q8g2LwotCGZ5R7S7mtsede03dpSBPosP7UAZrHfB2WergQOtdz1WpgUtf_BrMpo3zOSy4s-BEjZKEfD8QRuFeSaYl5MEgN-APHYZajLfHqqb35-lFVhZ4sSp4/Az8VGS5PfDW874q__I9x13ARd9CWXGTyMHUHSopgZmE),
Beat_6_140_34.wav,"Instrument Identification,Rhythm Matching",N/A,140,3/4,4,Beat_6_140_34.wav (https://v5.airtableusercontent.com/v3/u/54/54/1782770400000/gUMUtG7PwJnPGw9JcLjJIg/zvyVjgRQNmpzqIrdFDq-j90nry_Qzef3mCfBtJSxQfwbfdQgfrnj50i-zkT1ewcMkTrcj13zMzZUL3SYXqlZCfOibQpxbuEsEvbx4bQirZAFackzL9jpM3yB88eYwROgVcfeffAWeZ_Pb-l5wwQNDa9IsHV_86iuUN66h9j_d_s/vfbnXMPQRGGvdUS90AHkygUJsr_AspEV8-ZEorfyREc),
Beat_7_140.wav,"Instrument Identification,Rhythm Matching",N/A,140,4/4,5,Beat_7_140.wav (https://v5.airtableusercontent.com/v3/u/54/54/1782770400000/lJJ0kjyOVWziANpNiU5pkQ/OFlv_fRastDH6d5g6G-CVgGqjh54YM6uxkTuQMl8r-9eONQTR0o86xrPmPSi91NqvI-vJ5PWSVoPlCrSG_Uk_4GSnofc7Ikl3VdmrBSV1fAHpQ7tY1glZ9foC-NmDMg4kBAGw5VWVYiQGWQ9K_A6As4ObNvbLzNY9hluBDfyOYw/a0iZu0Q5TQwJdH7oOkIJsgsI8XOPFr4KDHibw9gK9XE),
Beat_9_140_34.wav,"Instrument Identification,Rhythm Matching",N/A,140,3/4,3,Beat_9_140_34.wav (https://v5.airtableusercontent.com/v3/u/54/54/1782770400000/ZmQGHWoeUx4VClO3rprq0g/hHFHqHf6kPFcGtxQ-4IcZv4oxeS1oed6Gt3rmCfLS7r3mEYqfUfJo57GWMqjV7SQargN1oOnUBeMOodVFIF5NzEntAf5caIlQ-D8dekvGgsv3UtPjPfbkeOkxn4GM_Sq8b9yaY-jGLxAyHP8ddmdO3fWH6iTzwfUvjB8rGDuOH0/Mpntto0Ld1gSeJkdztnzaS8RyW-W3XH74_ZIdyqOkSU),
Beat_8_140.wav,"Instrument Identification,Rhythm Matching",N/A,140,4/4,4,Beat_8_140.wav (https://v5.airtableusercontent.com/v3/u/54/54/1782770400000/okW3ObLkGFQlBmlancnX2A/0fKtlYwAK4EEX7GbNaM9_FjAYHYQaAK5MeQa0ktI-s-Bu0qEmwIjzgBKL39_Al0XOLlLnkAEh5RiMar37-N8x5YrzsmdrKpR2luia6J2IOJssjPKE5ZlOtkaevdPbsL59gRx20OhZdDkjC2sxkniNX3mDh1sRqcS5sRh877Yt5A/GFV7_4TAuMkzx1-jdOcgMv3-MQdF-lMUBrwTvkaQD1s),
Beat_10_140.wav,"Instrument Identification,Rhythm Matching",N/A,140,4/4,5,Beat_10_140.wav (https://v5.airtableusercontent.com/v3/u/54/54/1782770400000/XmT5USFXDqsGPho1C3N1QQ/8VSyvq0Q1wrEb0syK7oLddYiptq4xXw_Rk53TTYLgzplTbghKa-YIF5Gquo4T5lmx6XQdEsAv3Iqf6YwZYV8OMR89NRXHvGvZVksEY5IyXhU4fedqUi0f2B16xuT063HcYfXAci2wejheGVYm9l9mjteF46G8J_tOCQUXLqz61c/G9u1BjElToM370UJTZtFrNvg9XDbBmKeP_vx_f2QwQ8),
Bmaj_Scale_InvArch_Piano.wav,"Instrument Identification,Melody Shape Identification",B major,142,4/4,6,Bmaj_Scale_InvArch_Piano.wav (https://v5.airtableusercontent.com/v3/u/54/54/1782770400000/0LTehrZ1ZTZmSkiP7JApkw/Unu62oTOaLWPJk7NwGHItIj7X2GpqAftSEWUaCL8fZjM3YDjZjSE4DQK0qBNzceIBMuK80fzV1UyrOP4BlW_qxeGiQ-vjezqlfhQZ92LYWQI7_uGB9BgdbVmQgpsZnLjxGE3TVMb4CXxmUViQVJ11WIxUj6UEUlMDLfHOyRqa9vnNpJqhy3Il1z7vMz2mxp7/4bYUjbh_8jOmiEJCNDaQlAOb7fxy6pESQyhbNdHKVeI),
Abmin_Arp_Asc_Bass.wav,"Instrument Identification,Melody Shape Identification",Ab minor,142,4/4,4,Abmin_Arp_Asc_Bass.wav (https://v5.airtableusercontent.com/v3/u/54/54/1782770400000/uxclugyWA45jRlP68CFtkA/IX5B3Vl7I5dEtUiAfRpkej2RJxvfdwOUjNbogiPjCLnxaAPFLlte3M7K_weX-ikOnJZlAKG2j593UsDxZusJcgpG3eR-Dsnp03ZehctifdGxHiz8fV_OMCU6boAekfoqXvKW5GA1YHUshVYDScnAVZ5oPPeDkNYIx5dZEqRlZmc/oaefoVx4ZtELn0Bsyg3Eq5tg0vGg5HIl-s9vh0mN-jI),
Dbmin_Scale_InvArch_Bass.wav,"Instrument Identification,Melody Shape Identification",Db minor,142,4/4,6,Dbmin_Scale_InvArch_Bass.wav (https://v5.airtableusercontent.com/v3/u/54/54/1782770400000/qYxVlnc7_bZKZT999dBIyw/jRa-Eq671ThtFM85OCkevFmfkPwY9jQw3PlNtMxCsTL8eBBjosMSLUCq0S0CMfU_XN9GAdLix1r4b9pCAK1HmHTis5uUDGL1-0fA2L3vP9bx4RiKuxrhGrRrdWJ1CIschRzjBw_OZJUmaXSDof7C5jWquXYW51e7cuAZCGRTovuRNJcPfG6EktIjNy2U0JvC/FvZQOK9DbBqWnW5MiRq_W-BDsFtpx7Vm_l_E337yPo4),
DMaj_Arp_Desc.wav,"Instrument Identification,Melody Shape Identification",D major,142,4/4,4,DMaj_Arp_Desc.wav (https://v5.airtableusercontent.com/v3/u/54/54/1782770400000/s7xeeGQDmXDd9esJ-mDSuQ/HX6zZXcfqfQ-1Mdlol-Hf6YC7mQ31qYn47d0xzENPsIoiDJKpIjMUGJEY9TipGZoaIYIpYuJozYSHdGKdg6yrbJc_betQltkgxaKR4ie_ko5hVbK7grxdLhuOAc9AZnNZ5KW1onLIq2YEySmmxnB97UCvykh_Isg1JZcqGlQf4w/7J5Uu2pmR2ksvSI3z1irSxROuc-xDXkS5etzbY7qZDY),
FMaj_Scale_InvArch.wav,"Instrument Identification,Melody Shape Identification",F major,142,4/4,5,FMaj_Scale_InvArch.wav (https://v5.airtableusercontent.com/v3/u/54/54/1782770400000/zHjYaAldmUHEPALr0VwUNg/k5jmzRyUztvRmIGo8bRC0fbXrGQKYP6IIgJxmamtpAoj1K6tu0YalZ4LicNxQYwbVBf-ZbhUp4GV4JqNZSn7kVO8YgYW5PLP1LOw1MVn7cDgMicrVuf8GUudA_KHLBwsa4nruyLd78kMBHHVttoHKveFIB29oqFYrpvgPoGQXW8/sSk8i7MiI1Q07CHbj8fe_M-mU8aOI1rf9Y_Y99rmzq0),
Gbmin_Arp_Desc_Piano.wav,"Instrument Identification,Melody Shape Identification",Gb minor,142,4/4,4,Gbmin_Arp_Desc_Piano.wav (https://v5.airtableusercontent.com/v3/u/54/54/1782770400000/VJIpQJxXDFP8f8DEoSEUBw/gYDLndowiq576Fz6MxZDq5ua2zPNgic5V9w9BoWTHm7Len1O4C97-G_6CjjfQSDih5OkuMIrYMSWdBjlICv3a2dCGfAvLIdrMSX2SfRyqDhxudjjQmMVZ-1ZWv6UZWAWNHK2yEX_SrI6cXC4Zx-4ao_TqifoxwjBbALYp8E8-UY/mMVWE5MxUbuMBm6O4jrHkhvHfOwk30fJzQP9x9f4hBQ),
BbMaj_Scale_Arch_Bass.wav,"Instrument Identification,Melody Shape Identification",Bb major,142,4/4,6,BbMaj_Scale_Arch_Bass.wav (https://v5.airtableusercontent.com/v3/u/54/54/1782770400000/9RCvXMTNwTRxSUPhZTNCpg/sYppRIjLKHzKoRPKVyZKhKKJOydbtmarUjScN-ZkG33x4IIeIXLFyt8yUVO3ElsZwV3veOmFsMOpzf4ZhfErI9z_o_YNPQ3mKUtTF8i8yA0h6IueZftVIvOa-IqT5CM_8l4LvBgO_Edmtzeyp6qXUq6y4s5AyJ6kYu6s1LihSfw/srxGEZGouu0CL-aCtiL5iB5qbzQriEhjiCcqBz_j8rg),
GMaj_Arp_Asc.wav,"Instrument Identification,Melody Shape Identification",G major,142,4/4,5,GMaj_Arp_Asc.wav (https://v5.airtableusercontent.com/v3/u/54/54/1782770400000/j4hDPJfRxc5a_T_IjqSMng/o6TSuRq8kxC3DIE1gt8PbKe4EawIkKgrKwjNnvV2Z47Qh3JsYgLZK_Gh7aaT2_Oe3g1XpKr7-Mz1LnYYGuaLYxWuRo4INSf0TyMDMVQCdmWQi-9-jdTPzIyDlc3V1IexJ3iF2OYIVV8sIg0Yu0ohRPjwt7NsolW8DLvVPPC09DY/Dlli79-Ap8I-emM8ZDhGeah5thjoEE-a4vxzV1t84go),
CMaj_Scale_Arch.wav,Melody Shape Identification,C major,142,4/4,5,CMaj_Scale_Arch.wav (https://v5.airtableusercontent.com/v3/u/54/54/1782770400000/UNoVk0MF_alERziNEeShJA/4Y4YfSb6Ib25MoQGMPfbz-Jx2pNdK8vWa0LMhF5HovoM25kQlpvMbVUP1a8iC9oTozaQwma4Z-Yy7xIbsLl6YqIFri5LYv-PRTp5MKEI-b7SK1IA90od2E9iq_FMuqVe9EvF-eQ99pxfZvgBYYZ9SrDDpkmaHSDzabsVOGWUAbo/Cu8e6DsJXX9M8Rt-uSB7z-gbBqfWE4oFRLKIbY7U3U4),
Ebmaj_Scale_Arch_Piano.wav,Melody Shape Identification,Eb major,142,4/4,7,Ebmaj_Scale_Arch_Piano.wav (https://v5.airtableusercontent.com/v3/u/54/54/1782770400000/vENWQRjueCKHTSb8EcSmXQ/Ss_mVgyYg_4zOHDTAGSJYrBZafM7aG5ofgdUqC26UQxw80w3b7uNZeyKYcQlHmA7nJ40CxcYvFsGhOnawm31BqSwXTAPvWaW84mGrUBrnIL7UpdhNkA6tWThVwtnyYEjJHV68fi8TBXIDaj1q2XE_GPIxzvupbQv9ex-mE24COQfqQZQLQ6_77r1GPGhI0Wd/RjTLpI9ylZpapQ4HLqDlCk_SZnqxoioQHlv5X_VYBR0),
Bmin_Scale_InvArch_Piano.wav,Melody Shape Identification,B minor,142,4/4,6,Bmin_Scale_InvArch_Piano.wav (https://v5.airtableusercontent.com/v3/u/54/54/1782770400000/2T3suE2Z3FDK3VUG-62AuQ/IGvRFR_npuvmPt_HV3JBAxSa2gZgb0LokMqq9Yug_TORvERMi8mxD-eqST8ECa1W-fB4gYOLKJh5NzSat5euFnuEHu-Bfac1tDW2C9h3VVCNRQjvlP-RB6v9jCp5_HJ3RN_P40AU5q7cGOC7n2XtcultwvL93AXqcYX4YP67mT9Eojg0TjJ6koIkq3gONZUI/yrzL4kYJbn8icXwfLbzYJsqhjjPCMtcDtaG3ikZo0uI),
AbMaj_Arp_Asc_Bass.wav,Melody Shape Identification,Ab major,142,4/4,4,AbMaj_Arp_Asc_Bass.wav (https://v5.airtableusercontent.com/v3/u/54/54/1782770400000/SLT4fSrI4dbQ7QVw_Hi5Gg/7-zNYvnO28Kz2HvVVPWozaxLpW-iGGstcIK_81O1whwCzvDRGEoMoc0Lx7TzH2j4YB6DDe-jpOEOFSOuQlGr3EB4Y42_Pa14Zmtnxg0o6Ufp1_-GZI3UxhxoBuKMvdwgcQfE2iW14IJGNv6QO5NWRuRgLIlaMIehpNo_bO-elkM/DRcgGmm30ETgww7ktlp8ZrPYRsXsT4uhfONJIs8TDcM),
AMaj_Arp_Asc_Piano.wav,Melody Shape Identification,A major,142,4/4,4,AMaj_Arp_Asc_Piano.wav (https://v5.airtableusercontent.com/v3/u/54/54/1782770400000/oUqDC7SOUaP5plz5GOMAew/wGP8Tqkl3HoWR7obmjSS_DOEVJ0W88zYHVp1GR05Cafxhdt6Fn7DXf5bwwkc1dfWji5ZlDrCe0slZNTuPZ6EYpy7xZ6sSgcQU3enMUubXTpX3QEZCw9EipfwTYG7-CE9xazYEGF0k5NcJxwDuJPrtwSM3IJtGh6j7C3Im-au8-g/eC61uPq1k2y_qD1Q3X9aH61cfaSlCPmrYPEmv0bWpng),
Gm_Arp_Asc.wav,Melody Shape Identification,G minor,142,4/4,5,Gm_Arp_Asc.wav (https://v5.airtableusercontent.com/v3/u/54/54/1782770400000/DGIev1nq6rj6AfxEuC0qjA/2SY1t2Ddbp-tvTfPd5Mr5tVaHCavSqRAx8JKxEPL4IajoyagbJ8UXo5SkPENCQwEIfN9iPnxLtMBE6WRilYWPlZj3LIHbvFnohcl72mgZwU9wX9Bvmnu-WDxiGVkBwqKHxF7BfSWxEIhz0_I84OTz3p5HFXaqvnDEw3w19LSQyU/5LRBbSu5msZPQRMWXK4OFSuCEr8RCpcWlzhlWy5lZic),
Dbmaj_Scale_InvArch_Bass.wav,Melody Shape Identification,Db major,142,4/4,6,Dbmaj_Scale_InvArch_Bass.wav (https://v5.airtableusercontent.com/v3/u/54/54/1782770400000/1fEoBIZJL97m-8kHA4Slug/baU3ddik7OA47XJzqsJCRGPyG5aRLiiq03905TpEpC6HF_tw5MI5_9ltogIVX6VexxnqPB7Oj91szwBg-DzqiiqHNTrNElv5o4q9n5PNo_VXIilBiGjvXUyWEHhfj1D6Olx1bMxFQts_03TxoEU-Jj2af-XbmelGNuwWEnRPPf0mmV_-edDEHISWS3OYpSlE/CD-bbb-k-oKDn8x7tfzrAW1n9PcnnhRvT2c1atx8i9o),
Dm_Arp_Desc.wav,Melody Shape Identification,D minor,142,4/4,4,Dm_Arp_Desc.wav (https://v5.airtableusercontent.com/v3/u/54/54/1782770400000/ayL1lsfJy0qSpedOnW9BqQ/5swdegHLQDlpxcGbHS8t5MRVynrbzpvs39Erd52mqkoTYoEEckNfwyctzS4oIBfy1eDs7mflf3WjW75gIYFeJIu902HQfq9XcfHr92lZ1DLt_bRqP1RXS5bOW2Q7RGUjKUZZXljNU1OTrfjg7t3y3pVlnnZ_D-nAqn5j-UMCJx0/_36GuJ5EwoZGlvZ9t0PWCUqU6x3aPKe0I-Gc9T4pCOI),
Cmin_Scale_Arch.wav,Melody Shape Identification,C minor,142,4/4,5,Cmin_Scale_Arch.wav (https://v5.airtableusercontent.com/v3/u/54/54/1782770400000/afgX35k0-FXOHD3k9HgXJQ/LFntKTNsse231wcFIOCZL9ZL4FqwqEpsRPKNi1zRjVLY3rSIOCl444BcICTPjgWM8_sm_9fglfYn8ps5WK08wn93l2nBRqSFt5ZSklkIEHIspbOX26zkBFKr3-6fEnFM00bat4LRb-sM4XzD8S-AJ1IMmfxs2zU8P2q5sb7bTwM/nGR_8u0RIhiFTMLypyoONmLK8udmCHRNNv3TszjeOnA),
Amin_Arp_Asc_Piano.wav,Melody Shape Identification,A minor,142,4/4,4,Amin_Arp_Asc_Piano.wav (https://v5.airtableusercontent.com/v3/u/54/54/1782770400000/P4ojfXTtdxwWWebDOT6U-Q/ymIrc8KcvU6nA_oHotPGWB-Jsob7CAgimOAOSG4YMx05Tc-1DGbmm4s-rqFGdlH6_u9Sznv9AocU2fIeeqcit_DfSN2PEArP4ISDAWjW7uZ1yVw1fPAmU-O7CCdo-pPYiPJL_XePiX7yL1wwbQZknYswTixc9fzkQ7ofCNWJ7dA/e5L4sXjPsNe9cdNbyzfM1EXdb0w-zcJL7e895CX951E),
Bbmin_Scale_Arch_Bass.wav,Melody Shape Identification,Bb minor,142,4/4,5,Bbmin_Scale_Arch_Bass.wav (https://v5.airtableusercontent.com/v3/u/54/54/1782770400000/O_safD1_VrEblswt7mW1OQ/23pwg_UHrL7cH9mQLkcYFl6JsDoJoFoociQQ_SZ3rowIV7ww5F_2Wj8m9QHjHdUpXt8eVnTA0F4bi05lafQ1qhGZgUiW1hakxLk4NPKPTKge_S51DM3wbf5qAbVJ0t6_Kg7LGt6H7HUhOfXG6RjbD4JiXbmA7rZDJ-fpQD54syY/C3OLBzzQ6akZ7UJcpobho3KFBpty2nheeAZdaQwrBH4),
Fm_Scale_InvArch.wav,Melody Shape Identification,F minor,142,4/4,7,Fm_Scale_InvArch.wav (https://v5.airtableusercontent.com/v3/u/54/54/1782770400000/4PkeXedVeZyMEPDmAfbtiQ/I0QBdZqFtR28i9skD5Wo7ZmC2MuHEj7awoDvoV1ckloH-qiQieD3eYEzwjjEWMunQtzPg8zp0WkVGVTYR7qMeOSCocAC7Bf_TcHcB8OUyNzK30LoyR8SRbcoupxTqn3IJnt4zTmObe7TjHl-e2mEOcB78mwEn3l6D5Gc3mo-X_I/eVWp-aLGZaSVqUMkJu2mAcfR-U9-OhBj-jPfIFukkVE),
GbMaj_Arp_Desc_Piano.wav,Melody Shape Identification,Gb Major,142,4/4,4,GbMaj_Arp_Desc_Piano.wav (https://v5.airtableusercontent.com/v3/u/54/54/1782770400000/vI6MgqjHOE1kDQi3-wlf3w/Dgf3nNeWd5Vkaec98rc4Qvu9DADkfh6gt5Qncl0cvoFK-xNClCy44LfImQz4YzOh7dF2IB2rlwqS8l08WwdJlXp7gIhgYe42TaEZBQUtTU303IaDAvYs4QfVIULr8QIVWopw7kbXwbV1jWU_3b2xIof4LSSEz1EGBAr9QWQOKcE/Ka6LrMpJsvIcCZ3EhvrCQIKH86m7N8wrlsXR1X6WwCQ),
Emin_Arp_Desc_Bass.wav,"Melody Shape Identification,Instrument Identification",E minor,142,4/4,4,Emin_Arp_Desc_Bass.wav (https://v5.airtableusercontent.com/v3/u/54/54/1782770400000/YPqeriy2ZInp6q3I0PBvNg/S1Cm6LiJ7SFQJ6xv-o7AI-xl3omX5K9uPSninFNiFnwDz5ljkWVbAE91jwdabxTxAZZbqvjVZ3iUYKWxf92SdyYXD53yy1oqdyFc2mcUxNb1fFt3N12_4c9Qdc1YjOAFDZz1vBy1fxx-7DSCZ03-ue1h-8b2WHgF93Jg2a8YAMg/fbU-q7wxkM6rfQVDO6APSmE4AOqksBk1PNhWnUUZLcY),
Ebmin_Scale_Arch_Piano.wav,"Melody Shape Identification,Instrument Identification",Eb minor,142,4/4,5,Ebmin_Scale_Arch_Piano.wav (https://v5.airtableusercontent.com/v3/u/54/54/1782770400000/LJ8s3yB1V2vcfQKXWbk7VQ/h09D75twYAiRqtv_mMh2Wec6hl1w4zu6pR6WNXrCQ-oq3isbxXBxvzlKMvBH1vVuND-dcEDdKwbILThFc8IK0X1gHW8CGqanPkXIAB9nvNF6_gwpBHml53MqgXWmlOnrocR3DiA5UO98ZhY3rDxJR4QAN_43fysLAhnLxXuiIuj9Q4fIVZkM_okCon1mQ42n/B2F9k6v4_nblm3cKuG7KGXAeG70-lzZXHYa793xkdIc),
EMaj_Arp_Desc_Bass.wav,"Melody Shape Identification,Instrument Identification",E major,142,4/4,4,EMaj_Arp_Desc_Bass.wav (https://v5.airtableusercontent.com/v3/u/54/54/1782770400000/QQ2u5yzgRIExkWzdVWmZOg/I7NVHrKRDG2Dq9xwij5oytnWoDCiCONpJl2gleRi-QqsKAcSum398rBOwku3rvn1IpZVoF4FWdkaFpHopR5cWZP8B44f1k4SPRyenapesmkjm6dkzIop0beodBNQKg65kmG7HSX4PkL_25aau3AR0t-M5jEkLsqtg-ZgUUQ7Aro/cIAe9BGEZOa6YZdkP8ZtvDAMuwNRLDfAI3SeEs1xQlg),
M1_Odd_EbMaj_90.wav,Oddball Detection,Eb major,90,4/4,7,M1_Odd_EbMaj_90.wav (https://v5.airtableusercontent.com/v3/u/54/54/1782770400000/0Qj9KcHDzioGV3ZZF3v8PA/gitGdgQk7fwUreJ-pZWOqjMjJmVamgjkJpwk50V3TIy-r6HKVtGa49KsGKwDoFzJXADexklQ8iRuYVIJk0qBp5qFTvPWu7EU8fyhUUu5IWZufYSsENLb3dLBuCyOY4DijyuxDbSd9QvKVau2_6L8rmwL_XhnAfeH7kBmTGGyeq4/ogHXm8fLvCiGknXeGEkzT7KrQXMCxq567miYpS8LZkI),
M3_Odd_DbMaj_78.wav,Oddball Detection,Db major,78,4/4,11,M3_Odd_DbMaj_78.wav (https://v5.airtableusercontent.com/v3/u/54/54/1782770400000/tPYP3CoROSOPMsfxEwqxBw/Jo8oNPtNZH6FQpNnC3xraQEJl21pKqXNIX-1jUmLn6bq-dkEB3kDCWyHHacLJMjIuMJzvbkPq3b2glVcoVXmfO5BFPVbNJFq0naPdKpPmi42AZwEE29gvwyhzIRXhq-J2DuRVKMSZAjmYGgnrb4xgybJUiyiUikGB9w0jwF7XSY/YvHKlzwganaWUcN1SAnCSmK-XueNHM2IPtVs_AofRJY),
M9_Odd_Gm_200_3:4_Piano.wav,Oddball Detection,G minor,200,3/4,15,M9_Gm_200_3_4_Piano.wav (https://v5.airtableusercontent.com/v3/u/54/54/1782770400000/9zLf9mKPGHeS0FMjOs0djA/wuEGKnbI_yZgOWYbRtFK8nSic8SiM06pvcXOjD3Pw1JMktCYcgbvZzSwq4ml8i8HjvvWc2_fjKVfejGPYSD9EECfcgVE1KdoqLHuw0gyCHaelxVeXMrXZA0quL2I-j579EvzhHyAVscRhOh6UZSRQxpNSRSpWJREyPyxDdqtyMo/1ffY783oT7KV4zNEi8PFQRyC0kcMc8gd7NOqMP_bwj0),
M4_Odd_EMaj_130.wav,Oddball Detection,E major,130,4/4,11,M4_Odd_EMaj_130.wav (https://v5.airtableusercontent.com/v3/u/54/54/1782770400000/oITMcR7Kp1_m0QQU9CTCDg/1_f6r4mJuz4MB8WwTMCKeqXRrtXBmStt-AGedBpyPP--nDPHaldstDL5XPDt1gXqZHaxoiP_ApjVbf5wPU67iau-KW3TKZBX0Bqs0dFO-gM3a9q9fF4GNNbI-ZZ0-IXcM--XLviPBXtFAILrzgYVAOgr4-qf567viV5dP758sgQ/boOe6472xrDtpnasEY7QfH13RaTWhryE2-ygAzanhP8),
M10_Odd_Fm_165_3:4.wav,Oddball Detection,F minor,165,3/4,9,M10_Odd_Fm_165_3_4.wav (https://v5.airtableusercontent.com/v3/u/54/54/1782770400000/NeWB_Yp6jx0jR9yLJw3IWA/IMROH7iJ--lMSQiR5FresPzD09svV_raFbfBWKfJ6e1v_JVyub5NaQ3MFqvgVy6NM2Xng6JcWioyQOlKPzJYssnTuBIq3P0R9CvJ5u9xF0SyADJcXsrlx8N7i19pl9-dFzYskcgem3hlXmuxbjpyeT6lDIWdzVKwwGFwHRVlxDE/P9zP3mT_S4MY9RTXJ4ebYvTNY_EQdJKJgGrQbY3W6A4),
M7_Odd_CMaj_140_Piano.wav,Oddball Detection,C major,140,4/4,3,M7_Odd_CMaj_140_Piano.wav (https://v5.airtableusercontent.com/v3/u/54/54/1782770400000/G19THyD0oVaCgeYMCZtW7w/P_65SmyyWDXP2LOgbMmXPhQD3mFNBXWWUke4IhITY2ZzcoMFHYBacnoOmG94BlA0Jj1FS_qF9y2FNcCvr8XPDgNdq5fYRhV4QzKLlrYEGkaMyWIFmAsFVY9rAF3JwAMxijl1NZ_A84vMe5Dw-ujaV0Id2Xn1a4W5H6MwJBMZmOY/dJpq2jgb9S5WivzVRUbCssNalhH5H77vSNPKgcNX72U),
M5_Odd_Dm_100.wav,Oddball Detection,D minor,100,4/4,9,M5_Odd_Dm_100.wav (https://v5.airtableusercontent.com/v3/u/54/54/1782770400000/tavHRYotVVX6yk0sVipL-A/r3RpvSSBkW0xjVJjeaEJmlON_xl0RipOnISbbk24asU0Ghgaa7O8yJWwp6da0jwwWdOg6nn2qJho5iw2QaB0dWZ2eWH8Qfd59C3RtgW4poIVYI9gmtAYwr92JcKbWQoyf_spwWMxERIduuJ5sFxHKfrn_i0SDqRPiWI36R11vSg/Z86W_eYiDATauKThTIHoyvsxL4OOG45G3ECRj1Ayxhg),
M6_Odd_Cm_120_Piano.wav,Oddball Detection,C minor,120,4/4,6,M6_Odd_Cm_120_Piano.wav (https://v5.airtableusercontent.com/v3/u/54/54/1782770400000/4AA7HWh6hhLOgxc0m43uRg/S3-LHXU6RQC_h0vU_-6tftaq-HTC-V_YGnP-Pr-5idfODtAAEQIQAVNzi1AZMqOB134jWBZM1xo1t1_7eJZzytu3tCCCrtT1UluwdHhWnIISPtBrNGmrisw4AoqAflS7FZ82uCHwXT_KFSAl1kglwXKokL9NHE9jqDb4Ezd59Oc/GzQ0SZiqQji_wvO6uyz4X6mb-uVdKmpeurPbXyOgL1Q),
M8_Odd_FMaj_95_Piano.wav,Oddball Detection,F major,95,4/4,10,M8_Odd_FMaj_95_Piano.wav (https://v5.airtableusercontent.com/v3/u/54/54/1782770400000/Fx9zw0O2iVagSeGOJCY5Wg/vbTF1lMdBAZKdoPUiwOZM2xhu9GpXzHvjhh1bRAxusIXJcAMU60WF4HSPBF0_dMDfZskalNr8SnAwVbGCIr_I1MyNN_pE5bKSKNTiu8h1bmJGhpdXGOWx9JpgFWlm31Ul3PHHgwXd5XEKVccGDcOD2zVD6vsNgn08-LqanPcY9M/XwlKhsldIxxpOpzTTfDb4mBVtXajgW-ie_eOaprRm2Q),
M2_Odd_Abm_155_3:4.wav,Oddball Detection,Ab minor,155,3/4,6,M2_Odd_Abm_155_3_4.wav (https://v5.airtableusercontent.com/v3/u/54/54/1782770400000/iKZEBpFYRuOIU9uLHo4J4A/BIZtP-xvNoNP5ZOQP4ehscjZ0G_Xn3ZRioZ2LWACUMAdMOwMi3Yh0bD6TgRC6kZouYvQX_kk6Njv0ep0XnPw78qVXIcFILYjl0M6xrcjbCQWG2GPHOPhGIwfL_7UYSOdXZIMtltO-X-4qQMkRKygxON1xmY1KEdii-su5MUEZHg/KLfBo9yax2v7kxdIu_wwPC-eu03x45_NFDjUMbfPS74),
M11_Odd_CMaj_180_Piano.wav,Oddball Detection,C major,180,4/4,5,M11_Odd_CMaj_180_Piano.wav (https://v5.airtableusercontent.com/v3/u/54/54/1782770400000/XVPeq8Tz5zv2bJ0JAfXTTA/b2NIz24UWcdozOeDQ_gjo4pFqeBSzGn6_Y2AB5_SM-xoR7N_dmVv3KG1Y3wzMpvY2xo_09FlfukOjdwbDKG596YCh7jey5A06iwhTldGIJ6twybvO00kSiDqA9cjLKPTCQiP-NN-xsm-EzDVV4ZfSCnP0CtLGAbj8DLJse2mTpJdKIczwNbiDsjEDd1sw3KC/ocbLvzR_lBMy35otBEupBshk3VbIlDqyzj0Pjai7DH4),
M1_EbMaj_90.wav,"Oddball Detection,Pitch Shift Detection",Eb major,90,4/4,7,M1_EbMaj_90.wav (https://v5.airtableusercontent.com/v3/u/54/54/1782770400000/1fbjH9G3nTuaDoSoluHrtg/S63Vf5qGEIOu0gkTCmze4uFK7n6KUon7RN1FtQlJa_NiMtx0Jxou-FPPXSIrAl2uQQXAayYVkk2WGeXjqZqQQ3dGwHhkAZt75a1VaUHqY_j1WVfhMbJ4gHx0S9mi7OsmSdjVthhp6gYRSRe-UbljQzBSUvdXEiGhmKYSsg2C5_0/VlfW0dU7wCPN9kFBl6V3HUpPIaNpRaIwytCht6rJ28c),
M7_CMaj_140_Piano.wav,"Oddball Detection,Pitch Shift Detection",C major,140,4/4,3,M7_CMaj_140_Piano.wav (https://v5.airtableusercontent.com/v3/u/54/54/1782770400000/teszP7qny_0j3OBJxnrkUQ/QY3eAAGCHB3l5TfraORg0TS8Gciu05KHAEjmwbbu3rW6Tj57zudCe-tkEvYfOSqlflS5YyG1WyQchrdGusLvNlBPrJuEJhkfQCg3eiQJXzF_lzsawfHtN0J3mwj6R2ZXSMEzCHjatar7qQV03Ck5GdcqD97eW3KL1K6O9N1GWqo/DjLcSkx9AhS_yAD70NbUU5wZliewXjmesWafy035D6I),
M10_Fm_165_3:4.wav,"Oddball Detection,Pitch Shift Detection",F minor,165,3/4,9,M10_Fm_165_3_4.wav (https://v5.airtableusercontent.com/v3/u/54/54/1782770400000/A_1dABkck31Hd4PEjzHFFw/fRpLrd6uOwJqYoPN7GXy06hDIbJyAlIzqjBAsGIKgXAa6jalJVknED9plmgO7JDd2wrd5Xqo4B7PXx7I-qkYQHyOf8AUnXN0dp7M-wXt6hiIdvEBb80E1J9GlBwxYGmEu5qf_kDbKscUa8YdcgA8bMI6kZJaDzj32DBEFL6h-AM/zHj3a743RVagsAvTw8T4QE2rXYUa6nOAkdRtExH-m5o),
M4_EMaj_130.wav,"Oddball Detection,Pitch Shift Detection",E major,130,4/4,11,M4_EMaj_130.wav (https://v5.airtableusercontent.com/v3/u/54/54/1782770400000/jliy0LhFQ3mSEH4SLlCQeg/cV5-7CB6KD5aYk65upBNweU6HqSV2WCEQBnR_AQXjqzV8QpoiNesfdRRpd81DRTuGhdtKLUWCfYwt6jPsozbR3GOzs-0gEnzXeNMLImQKnoylGM_V7kI9c5y6Tamzt7xVp6NI8OZ1jdEeQbmzeXACqaBFJFBQhhWJkpQaQmixZM/P2A-cVovW1VJWz7ukA1oicoWdM4ZI2AtH2Rp2pc89jA),
M5_Dm_100.wav,"Oddball Detection,Pitch Shift Detection",D minor,100,4/4,9,M5_Dm_100.wav (https://v5.airtableusercontent.com/v3/u/54/54/1782770400000/i6qmIyCnf5_ZKrLFGVv1iw/WJW8_TEkn0NU7f5flnWchEp5zEXfoPqj7JMD6iR5Ir5jfATq3FrrLpik3xdqhyks0ILdRWoxhhTwanPZmT9Wk_nC4KK6I07CNoy7_QI8-VPEMOE_kNp0ELwKqC83O0HkmwuLaqu0Lg0ceDmX_vbVP1YA2kDmNNApTE6BDF2_NPo/4Lh4MxygUcpRaifhVzwoaWhM5cavb1Jr6Jbj8u-LFEI),
M2_Abm_155_3:4.wav,"Oddball Detection,Pitch Shift Detection",Ab minor,155,3/4,6,M2_Abm_155_3_4.wav (https://v5.airtableusercontent.com/v3/u/54/54/1782770400000/vza5ndd53Qc_g7ZwCeNbeA/g_Zalm5kFPMeBKsAOP4rGy-YKvXCBGHY2H9RSH582Z1hqM3rbeH-vUft4YCtC-VQoIai9xaaZ27MHkP1-tTlSI_iLgLH7Ez5oSu-ywXoAbzIiTJFfXVtTq9YGAmkHrN9Wn-5zgGikQ9SIEgZwo36UG5YjXlNbjMAQUKI3p3s-_U/5TnxDCCPfdXGlGDnzqd-KL30CwaRvDw7_ZZlVW55fWQ),
M3_DbMaj_78.wav,"Oddball Detection,Pitch Shift Detection",Db major,78,4/4,11,M3_DbMaj_78.wav (https://v5.airtableusercontent.com/v3/u/54/54/1782770400000/vHvg-KFwwvYZHJiDdpAJ3g/zVkIN-nNSH7WKa3iuyyPLT_jvfCC_Feqy9RQeC9ZYOdp5y5tDti44OWKVgd6SUMdcD0jg4qV7Ong1N6yWudrZJBpyv1BUcklyjQgiPAHFeIxEaCCjW2cY7-W41vQ72AfNhqapX0c6199nGZWfhKzJlSfndtbI8V2lFvfd8FYT04/Gcl4LJgR6p-xP5Jwe2XP3nRvWb2UkAZC3tpUlqZTmR0),
M9_Gm_200_3:4_Piano.wav,"Oddball Detection,Pitch Shift Detection",G minor,200,3/4,15,M9_Gm_200_3_4_Piano.wav (https://v5.airtableusercontent.com/v3/u/54/54/1782770400000/GzDPiImRyvNuWGpp9NPgDg/R98AU8Vl7ESV_e7iMBGkXzpPGl9lo_rUGGs4DVWdKikR8mQxR1WioGzIcWA_TIEmUPkOwhW3CGlbGQN5fvTg8-8gN9opaRmpGCPeU8oq-L7y4SyelUIyAmiAZ4LCae6v-X9UDJD1HfPWnBuXe_9MbfJT5vEKaWvzlcW_cKkn0Jc/k1F6VKO6YMep-27p-olZpb-T-mWiwtbWRa718nLDlZM),
M8_FMaj_95_Piano.wav,"Oddball Detection,Pitch Shift Detection",F major,95,4/4,10,M8_FMaj_95_Piano.wav (https://v5.airtableusercontent.com/v3/u/54/54/1782770400000/06xdiSsNY_L4EVt5b_L1mA/1UDinFdULRa1NigUYXyzIxHj5HRxWW3F4ckrKYZ_UvKjghCl7RROgRR9XU82dMfQVmNkCNmQoV7SSF7EO6z8mvdV0uhtwR0MYbPsGeO0OasaOVkRuI2x8Yjd2x5tg_feEelH4ZaA2IyiTgEMOf7Cyw4tz3Us2Iux0-LEG0pFgzY/osU-OwY6BIonVgpcFtUZ1x39TyWqPrM9cEEIxv_X3TY),
M6_Cm_120_Piano.wav,"Oddball Detection,Pitch Shift Detection",C minor,120,4/4,6,M6_Cm_120_Piano.wav (https://v5.airtableusercontent.com/v3/u/54/54/1782770400000/SSJ7N3GSerfW6o5UFrQBwg/_HMcv6FYmU0fqPPeUA2aWI1Y9yH9WsCtdDo3c3lX2MrA2oPyohA6zvzTC0u1gzdhD_7P6c2b5OZ3zrSFznDBwW0TzYlOBNkcQOXxwkpNnk9LBRUpqSlS5FetXqjowDSMcASFW0w1D1_Z_3VRt2yNEHxkVfF6AfAxefyQ21uc2go/LAghdi8B1i62fHHMiWBLMAriJKBbiCqc-GdW5FpNFa8),
I-V-vi-IV_Dmaj_CrunchGuit_100.wav,Chord Sequence Matching,D major,100,4/4,21,I-V-vi-IV_Dmaj_CrunchGuit_100.wav (https://v5.airtableusercontent.com/v3/u/54/54/1782770400000/nVD-1PfLo_SxYobYj82d3Q/WTx3CfT0aV0_HjH2CDq9f5rCjUCwHeI5mQr2NXEWYaey__hshjrlLQc_MWNPRhd3hNArEMlc6Y0Vsile3GNIQXF5qbKx8BPJmc59MV0Yds7aL1hf0SJ8cKPGBPDQmGxagLXqieBUZBW8Ad2OvmKJTRBGvSC_Ry_osRMyropxJGId0GqHjmE4uawf9nwp-kCK/PRUDfuTUPQAqC21DNoeozNllTpenaPktC2I_j95tJrg),"Chord_Quality_Major_Triad,Chord_Quality_Minor_Triad,Ensemble_Guitar_Bass_Drums,Effect_Delay,Meter_4/4,Progression_I-V-vi-IV"
I-IV-V_Emaj_DistortedGuit_175.wav,Chord Sequence Matching,E major,175,4/4,23,I-IV-V_Emaj_DistortedGuit_175.wav (https://v5.airtableusercontent.com/v3/u/54/54/1782770400000/P8m4bWFGEyvA548KADWyfw/v_rR2jY6dcqfII5xZkwg1H8oinF9wC70JVmdBypppokETBfG2A_sWX_Yvm-10rxKP8jDNdywMWU8tbf7QEBxknQa-QOx-2UPkSvtGxR5mLmfEhNFV4dNnXOGOF_sKLMJT-1m1DHvaezTlQcpSJ-yaJIdBu1kjiPzpLGETbvq_4RzYseao4tcnxtBwue317Lj/2-7OAFP4NkZ0Y6ihb6Mfo5vn4yF_H7r5BfnyKNsFH0s),
I-IV-V_Emaj_CleanGuit_132.wav,Chord Sequence Matching,E major,132,4/4,30,I-IV-V_Emaj_CleanGuit_132.wav (https://v5.airtableusercontent.com/v3/u/54/54/1782770400000/JWhxDlLaNQ2hcHxKoLB_Bg/LKS5Gn51Ew5lY7v-CgOk5JYmhBwWA6z6mzYhjUcv91CCmqiZyxTmO0T70GYwI1IlrIl2rj-axsZGps63eHgNeqpqzGiDLWCC05OaXChvGWI5-dEH8T3koCcjT5FpZYkFA7-9FSS8D6OkTIVz7ZhJL7cHQQ5jdZq2nRR0vKxRzyyZIExdprFkYL-T7jGor6Uc/cI7Ul0sJdMYeagbt1e6_0HusU12PE5d4Xryu4jorWXM),
vi-IV-I-V_Gmaj_piano_165.wav,Chord Sequence Matching,G major,165,4/4,20,vi-IV-I-V_Gmaj_piano_165.wav (https://v5.airtableusercontent.com/v3/u/54/54/1782770400000/T-Do0uoEUQw8tWjSryK7Xg/xmQxDDFORRxrvjdWPpu-FYABS8aUsUFi9iuAZwROwS-ytGrj_Al9yjGHECj1jzXaQGSfEDBfojobyWurpzScTtUaOdCjuMoRyd8QS-pwom4tgtqi4KPdTQIcB41HUY0wpkDykOYGuLPGBeANbck26-HuOJWB4UGt3RMPcATsBh_MYONa0KL_b_l2z282zwco/vzpGjc3jD0T12wqobPFb8r4sfk24YW-LQOESbs3GTyo),
vi-IV-I-V_Gmaj_AcousticGuit_118.wav,Chord Sequence Matching,G major,118,4/4,25,vi-IV-I-V_Gmaj_AcousticGuit_118.wav (https://v5.airtableusercontent.com/v3/u/54/54/1782770400000/858_Dun1-kMEVvhqLTqNww/-jPPee-Zo029p1qCbFH97BW4h-QOlA3qaQj3U-USQ_6zDc3FKbc3abZBy7lIG40_kXiQQZXMTDsNGCJVChtxLRkGJMN54CEySWlCuPidr4FVvk1AEaiESpFQAC4BOO4JO5p8iViwTEKajTPfuq6s4m0Adb7neMvFViRIF4L0il3_gZ0GGcvIr-VjbfoiyZhL/PDTwiT-8DKJ0ySpmCZKh6WvOG49Q_pCVHlLZ1i5qzNQ),
I-vi-ii-V_Cmaj_piano_125.wav,Chord Sequence Matching,C major,125,4/4,16,I-vi-ii-V_Cmaj_piano_125.wav (https://v5.airtableusercontent.com/v3/u/54/54/1782770400000/r1M4xZFa7dQIkubbhoCPwg/coltgScvTGSdqTl2S6RKpT0Ou-KijrU6Xuo9KMLaE9OHTdlQk4ziuhaOoh0Qbof_yiaMBvfVZv1B6O6CD35oDyEUuw_0KP0r3dFU07YDmRGakJ8EElNXcv0mYhLCuQvwLC4K_-D8LrNdjw_9r264fax66z1Zmcs9nAyhP753t9OJwrrb2vPNN92DVisRNPGU/4CUYrN5nr9DaikLfQLo9ymFlL2JNIu5xVeQM8mlNcLk),
I-vi-ii-V_Cmaj_CleanWahGuitar_120.wav,Chord Sequence Matching,C major,120,4/4,34,I-vi-ii-V_Cmaj_CleanWahGuitar_120.wav (https://v5.airtableusercontent.com/v3/u/54/54/1782770400000/Sbkf4TySpQJMxuDpUSIErA/vQM3XxHeW7BRyjjD7UCKwXeCxEWC-oZuCEWHESyfqxPBt6LdFJE07hlKC3fIK-RCKWuaOWbGE75DmqzQQOonbgFKwbVeFQ27yVVAefJrGQ0CN3SZqJT5uOfk4A1ey1YXF-fKhQPRMMbDTxVBlIh6p_6pc6Tpga8Ep7qClwM96q94aluwPl0yqOQrU5R4UuQ6/1gjIxNTSNZjSPIxL0ViXbvInSs_mP9meNE_DbGt0FWY),
I-vi-VI-V_Fmaj_piano_172_3_4.wav,Chord Sequence Matching,F major,172,6/8,18,I-vi-VI-V_Fmaj_piano_172_3_4.wav (https://v5.airtableusercontent.com/v3/u/54/54/1782770400000/ypb_ysPqFLCuRoSYCgZpTA/29r-cDv3ZJxGWZkr7bPz1zf2IgY5ICHpdRmg3KdFqr6ajwr9ShQxoNpB9tr6ScR-f3bSeeTapFKvEPIMURPjQZR7iYO_noTlOk_04VDy6OKGSh0Nc3ISu40Uvn44yFucrvcZ7JnFmUghvTajJl2tlWsQm7UuM9T3JlAw8w9XRkFSxVCvum9ONQyZCbIYWvLE/kw6yvn-K320s74EyI0KikW6M0wvHu0ckRs29OKTm3s0),
I-vi-IV-V_Fmaj_CrunchGuit_140.wav,Chord Sequence Matching,F major,140,4/4,23,I-vi-IV-V_Fmaj_CrunchGuit_140.wav (https://v5.airtableusercontent.com/v3/u/54/54/1782770400000/QWsbETaEn87gXyQfm9SJ9g/55QDUEpsLUnBJOvvTvRIpXVtyPf4EAProK23FXpWGfUBYGVh5k9GbBgCsMWNIPx5m59cAo6B1bEgiHgrW7_tLKjkMBqmpxizXzHp_MT0Sq-sDeMaiDZcTrynZYDH1zZYQPyxRzKM7rccFAHZQUtuzq7SnxAxFvzwN1nfHhhgd3Z3Yx_oiBaPnzOZrVfgmMRi/6ALw9SJS5ksdAUO-F21Ty8VsT7ywzruY9N_dqLEUeLc),
I-IV-V_Emaj_piano_150.wav,Chord Sequence Matching,E major,150,4/4,14,I-IV-V_Emaj_piano_150.wav (https://v5.airtableusercontent.com/v3/u/54/54/1782770400000/79JIQtXFEuu_E0jldudsqQ/DudRgH-ru8TtjZV9mPhQPykqoFf05YEAoh7vD0co86lj2T-Dnt-u33pLas5uZUUgOXiA9QlsUSc2ASxerIwFfBYZHX21yQfnsPTeyjSeOk1PAlwgq9e-qaUHArgACiboSZhD3DFcEgXdK_McD1bPclq7WVs1c-L_qReAepXzRMA/M53UxQBZlv4vUlhkJDI7ueKAt1MPcz8S4NRL_OJMwTg),
I-vi-IV-V_Fmaj_CrunchEffectsGuit_160.wav,Chord Sequence Matching,F major,160,4/4,19,I-vi-IV-V_Fmaj_CrunchEffectsGuit_160.wav (https://v5.airtableusercontent.com/v3/u/54/54/1782770400000/ioKnKmojjxoFdgRXO15hHQ/IVxPQb649GL_Im8HQrIVHZe4w6D00k2-gDpLN6q1K7d3s9eatI0O78NqXT4rBwtpzegG-pWpcezTawOr4717bSfuHnZf_FiJGLUeyo1OyS-U3JhHmdnHtt_wnuJH09Ewzp0BEfhJgDPApdq8WvGmkxUBB3aGYLrDJFIP3pm8dHu9VeIeDnHNesZ7fFFFsjCR/nxbIDmmwvZ5NS6lrvrzwlJb2sMe1hEI1I6g5Ocy-SF8),
I-V-vi-IV_Dmaj_AcousticGuit_115.wav,Chord Sequence Matching,D major,115,4/4,18,I-V-vi-IV_Dmaj_AcousticGuit_115.wav (https://v5.airtableusercontent.com/v3/u/54/54/1782770400000/g2Lup1e4ZEHIdnua_pufiQ/ik7F7FvZamVBNsghhO1JOyljAh57HLZMFzEpETX9p5PRiTePTtNr_gvLSA29iVce6UssuF6HunUMN-9rEoNUDhFft3Fpc8U8BsRyOaoBbxLVkQ5PhjTd0DR_eN8RjKd2JuFfuxfZ0b64VZEE3iyZ60pScceUuqMGcVeZZTaR2NJswpLZKmx7_jpuON_opYkV/OzRRIrvERh9d3fz117gDUE00iPxYxkmQfT1x2MHS9No),
I-IV-V_Emaj_piano_120.wav,Chord Sequence Matching,E major,120,4/4,33,I-IV-V_Emaj_piano_120.wav (https://v5.airtableusercontent.com/v3/u/54/54/1782770400000/9RhizWXNmyS64KY9frymcQ/JIm2FKhsepPPszv6MRgPdEKSHFaYzki8Ni-PtTw4n-3XLyRYagqaniLw-ZM2wde4dYtzjT7dRL6IGlwJ4fXp5h9mq56XxPeyc82bbs63c9RGgsYJlUiZGeyt4NAm8F3grXEaoQWPLYcyLa__lRbrwEUo4HaO1STvNTfbuQHwQ6M/VLGMZe3IMCWPe68ZJjq0u6Q3beuUNshusEXogliuf74),
I-V-vi-IV_Dmaj_piano_115.wav,Chord Sequence Matching,D major,116,4/4,17,I-V-vi-IV_Dmaj_piano_115.wav (https://v5.airtableusercontent.com/v3/u/54/54/1782770400000/PEPWZnobwhays5IgMZYz5w/D-UJC2HyXn4dEGNGafir-H7QeVxeEktSG6Gx7tti4vpzMse8wV0iBO_rfQoo3akZ4wwe60MSjeBtPCD3EG0A_Lx7Z5WbTdhsBo2ixB5nhdiPSAmyoKnfIGj8rZMPkjHGL5B7FTCaIuwxJMH8eFkDh46T4IvGh6fm1avkXxwQAxDNd6Z3nJYH2Al9ufyj0lXT/L4qotOB2o_yWqe65upgiEbr0c6BTdRjrnfopCOfVtBA),
vi-IV-I-V_Gmaj_CrunchGuit_150.wav,Chord Sequence Matching,G major,150,4/4,21,vi-IV-I-V_Gmaj_CrunchGuit_150.wav (https://v5.airtableusercontent.com/v3/u/54/54/1782770400000/-zIewcY4bieeGaz84i4OxQ/IFULG_kDqWU_1Pb5dFrxfObzK2hLWNTqEaauMvfycUGhJrlB2u8Zh2NzMEVDIlFEGPETSubLDUGNXCDFhqEZoWoKZpz5_uLsBf8Bx54HttFiXM8bH7NOGFi5mMzcG49zILj_X1dMMMnU-EQSR7LBPxZLRlHytBkcMDIqFQZ_q7IXX_vFm8g2wcou6xZ72ih7/EdkGc3FdNzaQ1o8LAFoszOamRBLjAqM8LCfvev32vBM),
I-vi-VI-V_Fmaj_piano_175_6_8.wav,Chord Sequence Matching,F major,175,3/4,17,I-vi-VI-V_Fmaj_piano_175_6_8.wav (https://v5.airtableusercontent.com/v3/u/54/54/1782770400000/E1vuoPN2GO46KtKz1eQRyw/4mkOqrj2EDj_YfmukW84YCXkTN7wzccAMkoyAGS_1wInx2E3uI5Hh1WnC_d5O8XPrl-j-tWKBR8Z4MMnr1MoRg6-xD1Tc83cFe9TsXvpfZ7tyd_QQ3RFHwpIEqCBhe6YkIyPgIyc8A3FDQzIlO3PF7Xgi-SWcGrGIw3D3GamTl-yLrOYSvTodZV7-PyPmGko/wonhLos2NugAIdSwTJS54CmWTvhGDOucd7uFrlg2S88),
I-vi-ii-V_Cmaj_CleanGuitar_80.wav,Chord Sequence Matching,C major,80,4/4,25,I-vi-ii-V_Cmaj_CleanGuitar_80.wav (https://v5.airtableusercontent.com/v3/u/54/54/1782770400000/CyEPGuiHVKnxvvsWtupVfg/zAw8hHvIkTF_CzleZYtXjhWc-7mHaTG1JuStJmEHvJDt-EtrTcPORjtzEmHcDjGwcWhrbnCrgpYEMzY4kaS_wg0uQvs7tajf4eo58o2ex92qSM4Pt0fDsjjKtqyTBIF4j5opY8B6E_wg-r_Qyz58jWEeo3P-SzIa24Dktw_faumDB8Zk1VrLrxJE9pDEV3o5/aF1eJmdUS62WZC2HxfhxjNxai4GbLfduRqKeIzv4QzE),
I-V-vi-IV_Dmaj_piano_145.wav,Chord Sequence Matching,D major,145,4/4,14,I-V-vi-IV_Dmaj_piano_145.wav (https://v5.airtableusercontent.com/v3/u/54/54/1782770400000/DCDRqrYFPl_0npbv0n39sA/UEtdwUdw9mTHuXi4CdUawt6eXSFxA7hmQVhTwg04qzuKKU2K3UhYE3U-jcE6L6k80ZNcHFpysgmj9KZWgsScU05Q_42gogQYagSeO9oQkRb5YRx0UVhKthCAQpPYlPxea6pohWCcp5CoprNsh30uTTYnlcaRZSKO8n3VsZaRSh6lu0tK5A4Se1WbYltAUtvk/Zt9o1y4_j46rHrtglS2_5YzFKiASlckW-zAcy-yuWJs),
I-vi-ii-V_Cmaj_piano_165.wav,Chord Sequence Matching,F major,165,4/4,26,I-vi-ii-V_Cmaj_piano_165.wav (https://v5.airtableusercontent.com/v3/u/54/54/1782770400000/VfW5Q_eikJvVLxXSRKQJpg/ECld1SOmh6jS9mhsLGgsgBGKlY5HAGanitusZgF1e2rRn-KdCK2NyEOt0W4zlCn2Lbunir2x4OmZ4P4OkR_AVseezpoU9InqFtr1U1dpYpYnrcUusE9Z55kuCVHG2kKR3pkL432vKo2gmKybq4lvydfpFRkUjSe_lr9yKUJD7xgWLC-X-gFo4pRVPtzFREEe/oxoXxL52qGvc939Fsvy71GxeNZl3EsWchM8j3-a39h0),
vi-IV-I-V_Gmaj_piano_135.wav,Chord Sequence Matching,G major,135,4/4,23,vi-IV-I-V_Gmaj_piano_135.wav (https://v5.airtableusercontent.com/v3/u/54/54/1782770400000/uvOME-OkJdmywpcjD5l92A/ZmowPpPzHCYdU6Yb0sofHOJMctqpS-9XCMlKT69SgFdFxSncI36GOHO5ylM12RkvGCkdg41mwJEjI-3OrLA6IYk9gQAk-WF0uFqFxFUVQdBXrJgAq8wPGE_Tr8wazHfzDeH5rzt4aM8GFtvoNrfLcwUH-WMzmGx4WcW4m-B25UMViOPLyIyS01Z27QW-cW2O/gRgakFPKpJJ4bpHMsH4Jl_Kw62wkT0gfPDhnDFSIWUo),
I-IV-V_Abmaj_Mod_Fmin_pivot_relative_minor_175.wav,Key Modulation Detection,Ab major --> F minor,175,4/4,24,I-IV-V_Abmaj_Mod_Fmin_pivot_relative_minor_175.wav (https://v5.airtableusercontent.com/v3/u/54/54/1782770400000/d4oXGV__ycrk3XnKbr0KpQ/Q9fnratSXrf6RZ6iZKTrPIEzqAMLPnavlpIosoSOoAnl-G4agN07iiHdoQW9Wi7xiXUCvqsnAyQGDDT3R0Gc9icz38PFX35m-YcCJx3LV3JQ0t97APrCiYAZc3cctxJ1rmY7FNHH70XMaDg_1_XKIIucSi8FvwMbJlSClekRZa9RYHyUB1XeIW6O6_ln1siGh3oIKHKnrmFedfAGFJ0wfQ/SiehXcS37HYTZSEByYV1i5gHYUOX4v_iLSihPZIjLmo),
I-IV-V_Abmaj_Mod_Bbmaj_phrasemod_132.wav,Key Modulation Detection,Ab major --> Bb major,132,4/4,30,I-IV-V_Abmaj_Mod_Bbmaj_phrasemod_132.wav (https://v5.airtableusercontent.com/v3/u/54/54/1782770400000/tfeo__2ttFqOh2frMA_7IA/nfmhyfWn9tpsFStD_skG3aEa3nPzeJWdrIVRJzaTR0pIE26EJks6cKu3g3aWGX8SKUKuSDQSaIFDER_fN3IsNPVXjGvJQa0dz-g1S-0H3AC1vnmg3YXju_kWP9Z6grm45jYvGD3gAYvOJ9ueB4ThLlZhYUaiBbuEOxTI665qt4sPa3VYzBp8hUWkONwZQ0ew/4OHjN_DgU7zmzdMf8-bfZYtxDIoH3_-G534KPJDARLY),
I-vi_IV-V_Amaj_mod_Bbmaj_CrunchEffectsGuit_140.wav,Key Modulation Detection,A major --> Bb major,140,4/4,22,I-vi_IV-V_Amaj_mod_Bbmaj_CrunchEffectsGuit_140.wav (https://v5.airtableusercontent.com/v3/u/54/54/1782770400000/FpyjrQ3DZXu1HnQ2RJn0wQ/DammSOuMhwmnqWYyZY5YktIpVewwHnRkYBQHEywzoUGx63H_sXRJFTGL6dfhYfnrehfIzN0sFqqvKVEvYwF3rUls4ZkMnU9er1_LhZsXIijqR7dNlzGetHqsBL8qd5cyAek2nq9HXu9j4exjlRlPbvHBNJ5GI_5CTDUqcbnXvubU-2zJduI3RlHgY4UpE8ClRtUcBnKRX-jHlbfZGs9kPg/-S53JQC39Z4ySN727dO1QoJxaNgGIrDNIkl3SfCwobc),
vi-IV-I-V_Fsmaj_mod_Dsmin_AcousticGuit_relativeminor_118.wav,Key Modulation Detection,F# major --> D# minor,118,4/4,26,vi-IV-I-V_Fsmaj_mod_Dsmin_AcousticGuit_relativeminor_118.wav (https://v5.airtableusercontent.com/v3/u/54/54/1782770400000/jF-7X54VkY0m-QvaYPAD5g/c9nfE6niTsxNSFlfk1cylZi-jdAxFtgdReoht0dZP_Y_HNk2rR-YcbwBQukJNmiEwHmWIhb0RmEupufy3YqdQs9MYqGRWglg5GnshX9bRFx0ESUU1jvC2SoPpBq8vIbJExTEVBUj6LxEGqJxwpjtcMVzevUqJCRuHZP6a5P_BDzmJ1pjpFAboNnxeY3Aeb53DtDvjmeZyIPX6NhPmXgJgBfrPI-94Gt2JeOslzd_lts/SY6P_61JWlAc38MlyEJ5BEWvNVGYnM5Ti_obeDMg0jo),
I-vi-VI-V_Amaj_mod_Fsmin_piano_160_3_4.wav,Key Modulation Detection,A major --> F# minor,160,3/4,27,I-vi-VI-V_Amaj_mod_Fsmin_piano_160_3_4.wav (https://v5.airtableusercontent.com/v3/u/54/54/1782770400000/O4T8QNy-j2840h6G1pnRxA/iVmt4bvL7QZobHV_SwoJPxerQTZNeISr9y23kKv3hqm0QePqMr4fpPL2iob6oWcaV3zxdsq0pp2JxEP03VpANDl_JZUcQoOiVcQar8gtctA4TThMirZm1WmmYQQpnXincd8tEcAfylyfCuAPVsP6SalTB4R4GasEIsp3OcPdnJOqVj8h1vDe-8UYJ8s4CH_T2_btvtYVb2BzQXp3Dv5mgQ/wvKcTemkcYK7IHCrjkUXRzKmsZqBft7rMCOKrJ_f7gU),
vi-IV-I-V_Fsmaj_mod_Dsmin_relativemin_150.wav,Key Modulation Detection,F# major --> D# minor,150,4/4,30,vi-IV-I-V_Fsmaj_mod_Dsmin_relativemin_150.wav (https://v5.airtableusercontent.com/v3/u/54/54/1782770400000/dnDIdiHVsMo0UkPC6MQOBA/QqCn8qh55YRMATjBIPt1Zck2peAN19q4sykibCuyNTd-6_iDxOb6psg47lPZ6oWEFXWdVAzwsbRNNt4rcHwR-iv9JoLL3CWgVsJfC3arP2zo_5tEJ8X1iARdeDnQAbkw_UikLzTOjODc5YcVcGqvZYNspSlVea05wQLV_U5q5QzOrYl-zPBAQYLi4ewyErJ02jtyQ7EI08TwgQ2oW8gdSw/k5uehE_aQPLxEArO3WzwxXkV8_VNHXYyZoFw5kuBvUs),
vi-IV-I-V_Fsmaj_mod_Csmaj_piano_135.wav,Key Modulation Detection,F# major --> C# major,135,4/4,33,vi-IV-I-V_Fsmaj_mod_Csmaj_piano_135.wav (https://v5.airtableusercontent.com/v3/u/54/54/1782770400000/O6HqJbkZHIGmD4g-VF8Zuw/rFFwBk4e8LmD4z1Zoq9KAHbP2fDzpktFqE_ILVZkNo7UzOSof5zqlN9mMFEj6tyL-EjrAGPLsfC7h7POAG_RrDItCC_fb9D980tk3RiS4kEkob7vw9opW1_CYphbg1ztc6m4tK37WuWzZUKn4F50bC8f5N2d4eKlNAWX35uMhreBB7Eo7ky0OJ281EPCZmhQ/xCjcbuNnseC70iilq2ttGCxhZAoQwYAV67-LQVgYlVU),
I-V-vi-IV_Dbmaj_mod_Bbmin_piano_115.wav,Key Modulation Detection,Db major --> Bb minor,115,4/4,26,I-V-vi-IV_Dbmaj_mod_Bbmin_piano_115.wav (https://v5.airtableusercontent.com/v3/u/54/54/1782770400000/6bDHriY7309JY1_v_6cGHA/-o3VHmfDjldMro4uRuVuJU46Dus-8RofDE0cd_OtnrFbu-kdBTLMbnDE4EAVyNIVc5kHl95fy4hvvB4l8nEsgi2mug9-a_aKiwXa_cg7ase5kp39zAKoFWciXhQO4kNNRWQru8cULv-RdMlaCZ-Iur3l4dQKGL1A0uLBAagcU69eMDwiAeMs9nyUe4_eF0_1/RyCcWwsEO_CkOX4--5o5tgosNwtx7miVlVwBt4fDD88),
I-IV-V_Abmaj_Mod_Bbmaj_piano_132.wav,Key Modulation Detection,Ab major --> Bb major,132,4/4,30,I-IV-V_Abmaj_Mod_Bbmaj_piano_132.wav (https://v5.airtableusercontent.com/v3/u/54/54/1782770400000/HTSpPkKMc5zVDVuXOUPA0w/4ov5eyPD0IY1zPzB2bl_h0teq0bykMZIGDR7Sr5j0AF0960ryi250jGE1HuO7kUbpaWTOJIzE6tk1hFsQlhJP97F0Vqpi_d7iuKi19-Ibk2A2TDQoLsG4EI6IHi6SrrafjWPcecxi2ErWVAVfPhjyPKpv4V2crQ3Ec_K8acTNnJp3_rS0oJz10q9nOeiL8vq/E_CAAE6mFi15Id6CfNjxJmBcIEYXaqN9cIaGm3bvXYw),
I-vi-ii-V_Bmaj_mod_Fsmaj_128.wav,Key Modulation Detection,B major --> F# major,128,4/4,46,I-vi-ii-V_Bmaj_mod_Fsmaj_128.wav (https://v5.airtableusercontent.com/v3/u/54/54/1782770400000/nGR5zGf8XzKjaxld4g_Miw/XAjJUJ57qupC7qP2w4GDAIHBgFtzBZxooFHrAAGA0GReDux-gZnyUSYR8mVUIA0BYYUNGju3QrHyj0FH63j2P6UjwZRgFdkQz-DA9d-jLqTde8p_klkD16-FYX5TNKzUoHM6Ey3RAhwfKx9TvlGz_mPB2cwk2SYXPBbDGsCl9nweq51MtSCRlFLBwD7HHcgN/rbnXwSyqNtj9lz36o1tYIfDCvCI0jfv7wYUNAnYtKUY),
I-V-vi-IV_Dbmaj_mod_Abmaj_commonchord_CrunchGuit_100.wav,Key Modulation Detection,Db major --> Ab major,100,4/4,30,I-V-vi-IV_Dbmaj_mod_Abmaj_commonchord_CrunchGuit_100.wav (https://v5.airtableusercontent.com/v3/u/54/54/1782770400000/EEGMl-1Yiu6wE41uaTx_Pg/kEq5L5UHdZIHr-AQcKUThH9-PpVRPJvR0QkfHbiGcrTQ577p8sIsTob8fKMQmM-bDNAWg4VhCbqlkeARMB18Ge6Xau57oUaqdAcpxek3QAlWDrYKojZbThTD8tyEhKJYs-HxiOkGNcWj8vyVA0jHLEOnBwe_OY20l4pfide1Yz5ocInHBGef-u0iN-u7f_xsbdmled1r8fs2VXHrpZSTyA/3VL_NSXp0Ok8WAytnIxz8ANL0aBMSeCMsCfrxXD4RjA),
I-vi-ii-V_Bmaj_mod_Csmin_CleanWahGuitar_120.wav,Key Modulation Detection,B major --> C# minor,120,4/4,34,I-vi-ii-V_Bmaj_mod_Csmin_CleanWahGuitar_120.wav (https://v5.airtableusercontent.com/v3/u/54/54/1782770400000/f1d5Ger7OsvV9sXAvcEb6w/e0ka0N3AbuHEDyUAL8IJ6l6wWiWBP8kxLp2suy1w7afkPPKb9sdUlosaqgLXQAXHZ01Th_DfqVwTRdDrznejFDseDRK0UQuf6fBlE0RjYQzMud9n99t_DNnE0P-ODQ6wmvyaEWRrW6Q6dbZbfc3lkyHbZB0csMnvJ7oK3eV6tffG1fVjuCe-YOeQrCQ0QSBQMhRwGmaTNoa_ru-HXqVHng/tg_dmRwF1oE6Puiv51n3b_6rU8Aq4FiBblb8ahiTKqY),
opbeat_4.wav,Meter Identification,,,4/4,37,opbeat_4.wav (https://v5.airtableusercontent.com/v3/u/54/54/1782770400000/4KrfcDK-Qi6rPDDUu3HeHQ/2maxJF3AIGvac1wDWyfjlwRyLMPOLLhiQvzZY8Tntm5f37du2Eqa6iBTVsSz-jLoNd6RnVGtF6lknHzGvnrKSonftFoXYob-Qui--KqabIU4sUrFaCE7DakXrAHMbjuxbBTTWEAkGskHN0K75M9mQL_trzwfPgzpWf_AjVUfssc/J2loSuPRu-KOvHnSCMw9fXWaToCzj5I9RcIUYslnet4),
ComeOn_4.wav,Meter Identification,C major,,4/4,28,ComeOn_4.wav (https://v5.airtableusercontent.com/v3/u/54/54/1782770400000/MS3J0GXr4J2GgTz92ULYQA/scQyCt2uPOdG5TZGX5gWml4CUYEkubuoUX6nUQXSB-Bqsp-9zEOj69QoiV0fiTOkRcTeGepf-pk6n3_sb74JkCSwymWc2GIadaKDyRfjdRcaTUB1DdYrybRTlEaOrmA4d5lGN26oZgTkDNtp6oAI9q4mym9RO225pEdCsGNAs7E/HNUY2fVxXpKFMZ_PDWfijV-ufOr3Ll0T9QTA6bYeZcI),
Blue_4.wav,Meter Identification,C major,100,4/4,28,Blue_4.wav (https://v5.airtableusercontent.com/v3/u/54/54/1782770400000/_-PPI5DdWCj6CHJ50BNuJw/C4UPaEhcCH0Av10bDGlTGUvfUiE7CnZtnpsqW8zxJRcttoZWqcWsDBpwhN4ND0HMtZzo9UWcHM4_3wY1xLG_Wx5yH05ohjSLkBRHXk2oESTP3x7o2iERp75coSCg4N2p0X6-hHaFxJEYV2ioLRBP1R1wAdZaLu981DN2a85nEsw/8DdyIl49XiY_z7qeguHGUrwqkjYID7saydl4Sa_niqs),
Falling_5.wav,Meter Identification,,120,5/4,33,Falling_5.wav (https://v5.airtableusercontent.com/v3/u/54/54/1782770400000/-N0a4gDfsyRjvVACt3-jzQ/wPpgeQLvBIlOcP76SfD-kY6_65DqKrN_SC1UcoyNux4riB615LJlybaC_amuaeSHgytF9HRMXwH51Mo0KhbB1G1S-A3falwQP8c7Aqln9k46myrPhDwxIa83p6tSlAI2RzAC-gIuHmPBSRDgvDzk8PZCxhZ8RvTdEj0KUpE0SjU/w8MrO0ES0ObFO_WY0rar5lpCQP49Jme-pqB1g7shZ_g),
4am_solo_4.wav,Meter Identification,Db major,140,4/4,27,4am_solo_4.wav (https://v5.airtableusercontent.com/v3/u/54/54/1782770400000/c9xuRe9zUlSnwlubleZAkg/2Y4WybUDYqizt8kIj-kAxv_skJ1u6Sgyf4W4r66-tjC8wq3GHvPpOZYiuMLHsaK4E9_8oNLFqQ-zraqn1WEQCbWCmaEExKOrsbFrxfglIcLOeATiDxbgIEf71Y1wJkDrDgvfad544rSQx0nenTQ6SwFmddymR9A0w7AIKLzY3iY/IZthoUMTaSVmJNEDmIHtfbaz0trrsTMCo2aOvYHjA44),
SS_4.wav,Meter Identification,,,4/4,29,SS_4.wav (https://v5.airtableusercontent.com/v3/u/54/54/1782770400000/Rb7l0yJXZu4KE2Rxh7hezw/sOI_dUOuEAu_aXikMHTI-9Rwnry7u9kvUyFDLBG5ePmgiguj4YOiI523HnKCrRK65ZfaK342qNUOfiU9-1Aqk0CdeqZSSLmZ-MyjIUtvNhtT47RSEVpMtb5gSpldwbmp8hmFBH3mrJIwdeeWklcpbA/EUVP2wFl0h9PCogwhWGJQKJBpayRgnXWr_egSynxrfk),
Rosewood_4.wav,Meter Identification,,,4/4,22,Rosewood_4.wav (https://v5.airtableusercontent.com/v3/u/54/54/1782770400000/Z85tTdCKnbmeHAHbgC4vtQ/4epFgMcvZG5TMeJZY5pU501_Sagx28f49-qhm8Y41fT3LdvJ5lssN8FRO-mEz3uWmf060dXYYXpBuUNQTFTESLNTV_YGpIFLCZuHGsDgG5kmmeWKYcXVVnSHaw9g4hDpnqq5jk5K0VTe46JnyS8cJSkzTYlI1Y3I6MNO4CsT0aQ/8k7uLeGbnw0g1am2ZRwKQELzWuAhYKnYzTpkIIKADR8),
Harm_4.wav,Meter Identification,,,4/4,32,Harm_4.wav (https://v5.airtableusercontent.com/v3/u/54/54/1782770400000/6e9UEQG5WHfzmHzkjySVaQ/LiT3h6TwCpDe6tzqncyPPtAdaQvKeroOvjbOwvdNrogNKmTH7ca-2wsb_gV1LbgF1CgNRYCJQ6tczNPwqOPMmD8K0zzPJLPQhcaYKEgrv-wtKEtZJUNtJCV9xiJBTEFJrOHEkJkT3UoyC1k3j0Z2mwAabiKuDFH23HaXrWTAtAs/sfEa7j0zyV8F1EA0VvTyVc-7cAf3zsXMZYonOazS-O8),
Dance_5.wav,Meter Identification,,140,5/4,30,Dance_5.wav (https://v5.airtableusercontent.com/v3/u/54/54/1782770400000/RybETExAOQVPXxImar_yxw/bK8XeclfJnOoR5_3EmzhvcCdGUDmcfftrZvddfUqZMWxkqf7C7fXC--rT34BU9BekuqOKNJgi89TrEcQg4Dub1vVUaMZakwy3TrfjH2pHoLD-BntsGUxW1TjxtVuCBqbYZ9sZ5O3e2xoNnglfqSib4xl0jKkxayW6aEwsLijbC4/aph5JZM5SpcQDvCCWuGa0MwhHysP_OM_mCjh77Xxf9w),
Whammy_3.wav,Meter Identification,,,3/4,27,Whammy_3.wav (https://v5.airtableusercontent.com/v3/u/54/54/1782770400000/JqvmnB_ZuFyYHf6t9IPFyg/X3NevCVmbq_7ejVTzFfJtcrl2_ZKdNCPMtOTVkwwq-dBzPR9EyCSSuRrygRN6dQQhgN2cshkpKMqtAGiO7eLThduCSjMNGUzdv6Mxp7ngb5kbMBidkGWXvUtwZ-FSk9gIsxTX4xem53fH0fCQZmMGy480fd8aTO2i6gIY5KYgUU/DjxlySK-94cmRIIeUyNNZGkhTDYQ0DniMPCouZ6Dt-g),
Circles_3.wav,Meter Identification,F major,150,3/4,30,Circles_3.wav (https://v5.airtableusercontent.com/v3/u/54/54/1782770400000/0P45xmDvdeEpEOU8Qrn7eA/yYOIAOhxq1aJbnwgotq0Xk6RfOBQwWyKsdCLASdSHGyRq5xGaZA5zMPX-CCJx_dGscWYkjANFGG2lmR7Zi7tBuJ34Ns_6sUOkl_KjsCoV--1D05P0bP1rP_ZuK8aO8ZpfABf_EICWqqoNVlSyjzLxg-NQv9jY449HKwGli_RJD4/TxGNg1Zi7-goYjICBclTaMoMFvv7tgGAEKWDmm4GBi4),
Five_5.wav,Meter Identification,,,5/4,24,Five_5.wav (https://v5.airtableusercontent.com/v3/u/54/54/1782770400000/ojWsCaPyQ45B6OOm8VYgMA/TCmoP81BzQfKnDuplxln4fDySxICyim5RFHtvXlgvhOSmzuB1ZRtEgpjHN7qLziEf1PzeFevm7vMyrztz2_v7ifRxqW0kHWz90llRPsdxjRzh3U4gaeBsXelxekgipwqBg9pr0edRAHZeyX_G1HNBup0FAi74NBMi1sJ-O8Pu3M/CWI8Z6F165wTarn3wlHu9xuH7M0F2z5f-qQHGo2u3I8),
Five_solo_5.wav,Meter Identification,,,5/4,24,Five_solo_5.wav (https://v5.airtableusercontent.com/v3/u/54/54/1782770400000/mjplofHSeWUUbcA3E6aZ9A/jxY4Zv_EFgwv51yE36gYYRfNyhzHqV_ixKmGP3gSsVtMngq2l-pS_ncrOiXRceLqRlwNv3Mu77lFWzbEnIuHlNhmMZxao7kgCSDuIPWCZ1Ey1KUixZIxaGuB6_3hMQRDKJsHaiSe9RpiTlY0Go2BWrdfncWpxKbpl9TA4rrBJXc/1Hple8CSKGPY8WOgNKeFGm-zIrTIaUpSJJG0iQX17wU),
Piano_3.wav,Meter Identification,,,3/4,23,Piano_3.wav (https://v5.airtableusercontent.com/v3/u/54/54/1782770400000/5NIeG8aO7ZhVYxPTVWWilw/tJElGIbbNpf2klM8OerR6E0BbHr8nyF8mqYn6dA4uTW6pzNH6P3c_K7tVVQCOvsuOKyMZ60jY9Z3XvBv1zxGl_2B45aZ-jSujGjhK_dzxAHEcfGH90lk8RUqGfZPtHzBxRlvqBbSCgFEFW3MmKN445EqQAg2B9ICNL3E_JRMi84/gSEr1fwgCewlBsn8q57hsaEV4t6Wn39gOjREyMQJ8zE),
Circles_solo_3.wav,Meter Identification,F major,150,3/4,28,Circles_solo_3.wav (https://v5.airtableusercontent.com/v3/u/54/54/1782770400000/gtmDJMPQc5n9IgTVZo9zHw/5bxl1yfpqnuNZ7RDUwtzK7pz9lWPeKTgU3eWeVQHDtougaVmtx-eTBKx0-0i1XcG9D-GIqlt7aK05qC58ihv4pTii4yRLpcYzwxXTWseEs-LL3hHkONVal9nHJJRmp7D4HPro0fLWhBYOBWKQvCj6tuxFIyzfNyqGFCbS2TUS18/WWZ1GwjKgjUE14F6P2jHxwyzfFho7KA3MeHYj2jS-QA),
GII_5.wav,Meter Identification,,,5/4,20,GII_5.wav (https://v5.airtableusercontent.com/v3/u/54/54/1782770400000/uG5jxKJGzRMuejMk5SpbBg/K6Q0WKBTST-OriZS2eq5vrpfLRh91X3Z6hAeF0vPCqyg0MWx5j32mkQPnuuKm8V2c5ejNi-uP16LLUghW3-rmIKkzsAUnt08LkFnVPsTH5mJNA6u2SkIfVuVjqx_fh1GO7rkrJppyEmWbK5O-V-vfA/3iKpaToOEXMMAcXPmZok6kOLHn8o7CPaYzSyt-sDDCA),
DoDoDoDoDo_4.wav,Meter Identification,E major,140,4/4,28,DoDoDoDoDo_4.wav (https://v5.airtableusercontent.com/v3/u/54/54/1782770400000/VEJUnYCmU7Q8o9tRvJbOLA/pdI7L5eAsqnupQ9pcQVJmBhnjvHbcScaum8jqWpKwQS8UKW5rqHcKqMK7MNVqpi5VYqrtZowD9lr2OyKBzXuRWuaVknijymuBnvpOmQmmMK-MJfZhGkuSyOrZkyzaHpbeTbyAETJlqi-IA2LKWPrIDexoXuB2tMR9IYekEyWBFg/xpuNhnkNJG0JAQS4gFX3K-dhwqp_A2ufp51EtKEj-08),
Scene_3.wav,Meter Identification,,,3/4,28,Scene_3.wav (https://v5.airtableusercontent.com/v3/u/54/54/1782770400000/eD9kx8eT9nfE9gOhbDjs2A/cbfVI9aSbtMuZwmZJjad8ICU3vpylPXJmanNvGP3IIN-lRm4-ZWkql8j2cu1NxKyfiaOWp8zyxImBaUq_VjwQrS88B_b2GbhPJ2DVWDoamCldPpQ33VK_qXUJoHKM9YWQS19ri53ls10eDhX119eOpzFf2bTLAUTh88ZemeB7zU/p8AHmmaGLsqa4OsmB9AESX3fw9yiu2HfzAB9dK-FBvc),
off_4.wav,Meter Identification,,,4/4,34,off_4.wav (https://v5.airtableusercontent.com/v3/u/54/54/1782770400000/4RjnaucwJH6WDZEg2Tt6Cw/4EVaPrUmNgvi8petYMUqwdtamQ-98faBwwyqOapNCd9tuie8ZlwuhxiIFSZmN2aP8ocKRP8Q00oY7UGYOZXo3XWmuYDN6xKCBqic9UeXJzmgYMGHBlx8wnKw18HxeKpRhUj0aRTdzEkC5T8mYaY0bw/d2BPeBFoesi_CFOiii_Dyn492Cmu-4W2lRXnaEgc5ss),
SunKing_4.wav,Meter Identification,E major,,4/4,27,SunKing_4.wav (https://v5.airtableusercontent.com/v3/u/54/54/1782770400000/q69_owcHGBLuENtrci73ng/FUgg3yNZTICPwuwVMik12TBMHl4EGQnJwxkvrGQI9WeyzQqOm1VMnBTWIlTAvTPWySZsHaE7o_x__WsMTVpnXN6yREq_GG8q1VfkRWHg6dAmq2SCZSPRtn1Zz7pmxtF5X1cByJ6pEcqyVFjeF924Hijx1v5my0q29jYOK1tlwXg/wNGCmAT1c37vXUEroIYbM7J4nTQET8Z6MLvu5dWQU0k),
4am_4.wav,Meter Identification,Db major,140,4/4,28,4am_4.wav (https://v5.airtableusercontent.com/v3/u/54/54/1782770400000/L7vQIL_G17-jExon4XderQ/wOdUQyvRZpy8AAs5BS9ZbVuJPk4pluuWsF0I_ejvOYcDeS6rbz-YV-YPMTkCQ-DOi-HzqNdcYp1AgVorjY8O9mL2X1TtweLHwq72Et8FoisMIvRnkEjfJAy_kEGUpuH5gFGRZqm8L2iIsUwM3NaeyA/JaBlwf6gkQOUSlhQuJW5yJGa1efv64QJdO8A1ftWnOo),
Flow_4.wav,Meter Identification,,,4/4,28,Flow_4.wav (https://v5.airtableusercontent.com/v3/u/54/54/1782770400000/nxvF9sbdh7n-b8m2KQahWA/RV7oQW2kkPluo56N7SHpDB_1Q8sYcNb8LcaoxAHmoxUn2htatOS2_pHUI_BnbBAmmfWI-54mAEv3x9K3-QQ1EkRZuSLPXJLXdheeMTq_fBJDTzHzW4kdCny7Ce6WglsbuH-TvYX5ZlgLLmLyYoLp6mci7OkDXzF5cP9-q0wWdGI/hrjRLk681TFV0QORZV6-a30geAS17wcEN6UuRS6dr5o),
50s_3.wav,Meter Identification,A major,200,3/4,28,50s_3.wav (https://v5.airtableusercontent.com/v3/u/54/54/1782770400000/IjxbEZjewlWsJn2G9KW-ng/YDtD1bdk4_zk0vXzmRcZ8MVacdUjmTuG8jawP3Nh6hDJ8Wlc8W98Aw0WKFyzl15cCWR9ffm7L5yZTYp4iIpifeHSC-PnStcrgO_Px0vHV4qvOEL1Klww5AQ33lYjRhzdTDLaDYy_hAVdxjbyta6KpA/7g2FuOr1GUWKzxusj_ZZ-hKfmbf3gtgHxorGYWPS9YE),
Sync3_B.wav,Syncopation Comparison,N/A,120,4/4,8,Sync3_B.wav (https://v5.airtableusercontent.com/v3/u/54/54/1782770400000/-eGQ-rwoccakjsvu-FEfYg/_7XP269UcGjMExdlmWv1_D4pqNUAqcluHuSR2oyPV5sMYRYygHzci6Al49-0ipbGEir4DLSNvU5YrbZYlfNdyz-9YnxNcD8lUy_w8qYbYXcz9K4LHXJNwsPpht9MYtaXcO8coKQCxoM2TwE0eqfBywblBH_X4GjNHSlrIqEI6Lk/8jcM-Tt5BqSoB4Im8ysI4qgv1kUWRrsa1LXwoUOi3eY),
Sync1_C.wav,Syncopation Comparison,N/A,120,4/4,8,Sync1_C.wav (https://v5.airtableusercontent.com/v3/u/54/54/1782770400000/G4ukSojzLQRdREy_0uGBig/_W4LsfJUElqlX_Y4uGqXBqP4CfDS7GkdGqOoMjcZ67tqRDQtmCDWkiw2fRvIHRLwVfAJa2b51yCJ7J5XCaA3ustgVnb3dLl1dSxwRXDjnf2Id1oQ7pREaTzNvczM1m_JXPP4U892SvOJ_KX-PXJcF-L58-GRWNOQqkwYLjIHSxA/KGohQhjovK_e30W_sayMC0G2nR0CB-ZZTakBzrot8yQ),
Sync2_B.wav,Syncopation Comparison,N/A,120,4/4,8,Sync2_B.wav (https://v5.airtableusercontent.com/v3/u/54/54/1782770400000/MqgooXRyS13kXoJrmSJZMQ/-GsJd6rVuU9n8Pe-_f8k0M8c1v9lOJnrNXGOIpQWftgeIGTLK82jSvGhhC-lnsgWfs6rQv-pd1d7BcliN2Oxbyg9pRI5RLfDg2Bi2XRFLGFzaXLJAIh5fNAeibZFvHpurZBPXdZ7hz8jI9jrDgJFt11tAhrWcvfKM9i4QMBD0_Q/rrmt5ePOiSy3Mztkxe1fGFaXzeUGwuLO83mayEcx5p4),
NoSync_C.wav,Syncopation Comparison,N/A,120,4/4,8,NoSync_C.wav (https://v5.airtableusercontent.com/v3/u/54/54/1782770400000/ozOaFToHkgEbfv5WB5Z2xw/txuENhhl9r1fJFD7dpueNySm9UPOJi19pqBRCN9pwAjIUT859Q98beJWPXXBEdbAkKp5-_khLCBZRRJrBA4wbcuPTYMRLLQAsPKmTbQsdROaKfhh-27GlkEFJMIDinQZFnoC-svU94XuA9AV7xQeM9MILI6QwFZiDFQZaLyZnhg/nV312YJEbkU1PIQ6_j1_DKZLLYzJDZ5RxfMEPdMiO74),
Sync1_B.wav,Syncopation Comparison,N/A,120,4/4,8,Sync1_B.wav (https://v5.airtableusercontent.com/v3/u/54/54/1782770400000/SzfhtM_G1PYPKBdX_ecoWg/ZZ_AtHyOGNNpmq9YZY01gnzfgeP1GJud-Av2cJBNT6t2Ohlh6UPwFZFRaW03a6_FtWe3G8fGbL91Ys1fASLZlln03jibGlfTf82q7nbT9T5D_qUWq2jpT2aTitt0LcY_1ppLP2Q-866SjF-VdW6fi0o86Y0qx1TU5m9AKxIGb7o/CevcKS5sCxtY6xObwhmfXpr4uZlN8BiStTL2AxU4XqI),
Sync4_B.wav,Syncopation Comparison,N/A,120,4/4,8,Sync4_B.wav (https://v5.airtableusercontent.com/v3/u/54/54/1782770400000/YlLC956-OWmY8kwhsOMBUw/W15rNpFdVMeOhfaUMU3gb7E9C_QJsDILfv9UOI7BZjixB4zrsWVNcXs2rOfcgYihSC-2yFeazCdDRHP8Djf8dvMmZjaF6mH8g9sE9idCrhKqopMW2slBCQw1h_htdUiKWgrKlwoj1nbM6nuIOhwkQi2aHuiBbCar_1DLv2KaNR0/4KA9wNNoqflGiU1mIre-8VMnirWROXePuUwjkduror0),
Sync3_D.wav,Syncopation Comparison,N/A,120,4/4,8,Sync3_D.wav (https://v5.airtableusercontent.com/v3/u/54/54/1782770400000/Y4okdHLClvptzDfmv04FWg/IL3LyIjLBUcltgI5nq03HWi2yKeoENvwkfYZ755JBAaGYyY6yp3cYqO4701lGcG2udVdxcD5UcPPc46TadPSxudBy4HeHkjz4PF_85_HZ5jx2CmZDFwGI5wT0Iu0-0ZSP7Xxo7EcdZc5qznoxzh3iYTH9lSO0nStJvHh3wzu184/TYT_rfzVUNNrIlDKSl45DwlIZtKr_ep-HJ74QI1kEqo),
Sync1_D.wav,Syncopation Comparison,N/A,120,4/4,8,Sync1_D.wav (https://v5.airtableusercontent.com/v3/u/54/54/1782770400000/JUE9ZmydslDiy9kcXs5RLQ/3Ai1t0cUBfOoqursDGxbgHlk0ZHwWZcwrxq4jb3sPL9XPSx32ycIf8DETZ9JcgCH_btuMK-LllbB14MIQGnUOC4wjjkBgkusMGKmJAv4mOOImCLjh1waliGYChEExjpN4Q9Z0srUJ7cHFaCXUzwwswWPjZw6xKbbkKPE_JqFRFI/vw2a-ECsRZNrGWwEuoPSBAjfzz51sdvdEjuLW9rcZ44),
NoSync_E.wav,Syncopation Comparison,N/A,120,4/4,8,NoSync_E.wav (https://v5.airtableusercontent.com/v3/u/54/54/1782770400000/JqZZwLbYkbED93x3uzBJaw/nsZ5aBUyqqzLhOJ3PUAdHVFpkw2UzqIKOY2e9h3liiXvTAzP4BwmAM5rkwXnq43FYaiqTCK5QJaWqo_n-9wK9znq3ncQDFn_xcfq-FQCdHBByRkTLsFWRA3p8bDxvKJHWlaXvz649P_mR0ppZm-X7zRpOxnuwoodEqJ80jzx_hQ/ZfiHsLlRYZBHhtbXH4cgj9xBq9KplIezWIzr1zbc85I),
NoSync_D.wav,Syncopation Comparison,N/A,120,4/4,8,NoSync_D.wav (https://v5.airtableusercontent.com/v3/u/54/54/1782770400000/9V5zRTeZTpbzl6-BnCLgSQ/Bv94bfAseLfO3tpjYaVfAUWHlf_DsLEJyitUW37YB1wqV7iIP4F9IwSJXqGRGmbZT3s40z_8G6Cf7BnTSpEBKEmd-rSV2VjYpXdpW1K0KqQBVb-RMuVdIweWdptPW64Tkiv0SRNY8vfI-6puw6JZmjNLZzqpuGFyPb97w2lJlf0/bPfb3FC2PJFR3Ha1whFc6DOaLClgf4tgxxWnJWzBVPs),
Sync4_C.wav,Syncopation Comparison,N/A,120,4/4,8,Sync4_C.wav (https://v5.airtableusercontent.com/v3/u/54/54/1782770400000/bap6ewxJ3lYe39GzYXEHJg/vwVieX23wnGLaB3CNib8fJc395lXlQANSW7sm2ysV2uQ3XPeBStovE7XczewXpMij3NGb1NEG0brJQwf25DXXWDJjpo6v1dXtx8k-6OE_D-QBNe7EIT05q7s8ra-n35R1c9h56JXnn8HEvTgTwD5eXXH-vhyHphEnJHm_N9Bdoc/fpMXbz3atYMOJaUPhFHEdMD6bItg_bsmQz5aVs75gXM),
Sync4_D.wav,Syncopation Comparison,N/A,120,4/4,8,Sync4_D.wav (https://v5.airtableusercontent.com/v3/u/54/54/1782770400000/nbX4VvPZNmYdw0fA2_VZRA/cLsVeGi28S2MtH_w1FP_MTVs69buMuRnoRAMElZvSrD7aNdiwRjxetJsAbYZAfXeW5iFLxQ1sBSwE0XytuHa2WktSBD3ZZPsZUCIZCyVlrpZo6a6c6uRFOY24ZL3d7DBmmvaipLl-zuAQScQqblK8ej9buxzjVDH7ySxxy_UEJ4/bOl4sFxE9FAqOGIPNpNxCayiW9j9LnV4xRIVaiiQpHI),
Sync3_A.wav,Syncopation Comparison,N/A,120,4/4,8,Sync3_A.wav (https://v5.airtableusercontent.com/v3/u/54/54/1782770400000/vVp_W7RgGNX8FF1GH_G43Q/gtNlgIG1NvE7stMF3I9VSM9auGEkTwzEoQij5cvmxIZeIpG200L5dIdMqKZsFBhGVc4UqIE09XQO6eovqR8A8zPubW5g57DW-co-FRIsHepMt1765YgEXdWuN-s0yjIlt25m2Y8G05jMobmxgoD5_DhcxZOzi8GTPN8Ggutm4tU/A8xAWvNwrzMGgkz8kMXavcGCV383-oztsD9_UAfYTf0),
Sync2_A.wav,Syncopation Comparison,N/A,120,4/4,8,Sync2_A.wav (https://v5.airtableusercontent.com/v3/u/54/54/1782770400000/qoMCE6IGzQKaVO8mmSntyA/p-JjQmZ0sCQRcPS2_SIVEuDH2aBm-zrF6iFVelUeszI59ySq634zk5-HD6TYduczOx7JIzADo8SkcEWUTDpsotLXhx_v3YYAwaILZ3CbgXHDDv2S90aVcZ_90rpgnKUQfMyKp5MuW9H83TJJw88TzGY4dOVztkhn_Gq_E2j8b4I/AR3WJ5mysmaQCRRjkFALooBmqron0MGDwe6yiuhkt_k),
Sync3_E.wav,Syncopation Comparison,N/A,120,4/4,8,Sync3_E.wav (https://v5.airtableusercontent.com/v3/u/54/54/1782770400000/t9hVGrF7AZTHnFgO3wZX4w/QVwHNn9ZSVNL8WmQHgLwNGl26YoVvUaWrgvc8EiDCffhMxGr7BwwajBlq7-FvTgDnf32ABQ6MUSvH_CDNU3DprhQtXi5VLsY_-LOun-dAoox7HqO_PaFMfVLP0LMLwAxhsTTmcUvprtTrTxCZq5FyNX_pICQfxbgauymrY06Mks/1rSTbGORzF4_luZW59U7wXzF1dvz_3PVg0NuCytGEZM),
Sync4_A.wav,Syncopation Comparison,N/A,120,4/4,8,Sync4_A.wav (https://v5.airtableusercontent.com/v3/u/54/54/1782770400000/j8DEECUh3AEtsd6KUiSGvQ/DNj9gNYM2w4TeFN_gcyi5DXOpl826r1Va0uxIepQOmwUzGsW4xZbsqnaVo06As_bNRXeI4wfMOv-j4J3mh3OFlaYgqmmT_Y6gKjrE-rd24unoXq7gVK7u50B0rXAVS37wkSkkVzrVqbiz0REbKdL3xBONTTA3pHg6I_YDouZ6Dc/6CosKcrX7d6RMvWz0f6W_xQ09kHYX3x_rYfTHtoCaTA),
Sync1_A.wav,Syncopation Comparison,N/A,120,4/4,8,Sync1_A.wav (https://v5.airtableusercontent.com/v3/u/54/54/1782770400000/wAjXOYOHdbp-x9IZJhUXtg/C6-7Yr2kpOu5wcP6hbUbLmO7cUxSi-ZxR-D9XuUS18WcEyH8boTceazTu35zbsw7B9YItqnQgkpFZT-ppN05K8KiWOrKsnpli6_1tJvV4pPqJmH85oOxKtcH5zWkSRefzb8PlUC9Q3Ogzwhgu_Dn8QfZE4oN4J9Ouy2ni9BZ4aQ/q37buvlWUWI8gWKG118G9Vx7Px2H3Gf9WuFoKdbvGVQ),
Sync3_C.wav,Syncopation Comparison,N/A,120,4/4,8,Sync3_C.wav (https://v5.airtableusercontent.com/v3/u/54/54/1782770400000/Avxt7Lo6Z5fr06WQyTO49Q/G4MSKLxB5N8hWiX4FMDZ35LU9vb71GnaYGn6x0R4NdYtqDV09YqX3f4O6Oq2l1nVWK3Qgl9XO7om0WatmTBHOsVrIJDSC4GTrWMk7V7cWz3oTMX3_TBErEzg9nSfAIhoVC57LhZjOCXwbJzVHOvVyi2jGDheLj1HdeN4ESYuhW4/WEgf6PWU5BUILl8UOx2bqA0thyC5vxOkSscYzrd1Kuo),
NoSync_A.wav,Syncopation Comparison,N/A,120,4/4,8,NoSync_A.wav (https://v5.airtableusercontent.com/v3/u/54/54/1782770400000/CopY9JJyMVR--StBfJ5C4A/j1aioR_xp7sgufrgYddcAHPd8p7r644ZRGe0ZHEgry_-X3_eAWbBjWN-gxxDesAMuGX3cjfwscAEUZsLRALrKsFKUHuT0Sf69UvbvfAqkxs2vWtTKA7dSSvFxC3-Bmt_n48hGmnvFXRDl8Wt8qtd8Qpsg4de3tpcLrNMTzx33nA/fT3J67yAHSyQ07R6Nt5EWyjgLtMp8kZly4bzVM0xu14),
NoSync_B.wav,Syncopation Comparison,N/A,120,4/4,8,NoSync_B.wav (https://v5.airtableusercontent.com/v3/u/54/54/1782770400000/sB2Y9EmVRJYRIgGT5Ndi7w/BkiWR-EKgWFfgBgZVQmP2CgK4hV81HLmAD7L7eu2AGGhIAn_KlnfnPo8Mt1MHEaLWNGpKHvkVHBCyDD1ddaipxnhEtFd1R5jhQhg9hI_hcTYWoSX6latu3pe3OTp-AkLy9btN6p7nVyrXKxXnUC5AxQ6PpUdxCGAdpeR7fQ49eE/GeK5roRnl5XCj9E_N8ECCOUTEoFsIyBbElHiFb3W43Q),
Sync2_C.wav,Syncopation Comparison,N/A,120,4/4,8,Sync2_C.wav (https://v5.airtableusercontent.com/v3/u/54/54/1782770400000/iDL7fIEldsMBjmJu4dyjqA/OkQs67J3yp2WTBr6q008QWUebi7g1fSyB-pSqpuX1uWDYIbR8NieuwlusBiEjMi2vL43KnZ3AktEOiA20AQW3AOJ_6HAGSKVS6WUBiQ6pSUBvexWKE0PMccWGSdXrCiyPFXF2Y_ZjhpmpAAb-SLIgVQKf3j82pZFcANIiOrIKSk/rZwqwYF7PDmVSgs_XBaRx1Hcab17hl8oZNa94VTM6xg),
Sync2_D.wav,Syncopation Comparison,N/A,120,4/4,8,Sync2_D.wav (https://v5.airtableusercontent.com/v3/u/54/54/1782770400000/6m_4fvhGl3_c6r6_tkxBpA/jlYAVeppeatkyryu7lWj_zXTFijtIIW_WjPAIYgAP7nwF5Y4rVIfaxfzCzMToXcE9ocSXPg_rRtNNJoWViHl1nA0VjdHC5fKXcrpPOaMfeadX0NPfLr5TFOlCy8W_ysYtmKNFYas0Z9cJ7EdcU9og0Z2g4HvrTBCBfeuKt17xBk/wCWC34RR1H8Dw0QHjJgAUhQU2uSxMd_gvcZeQ9NsRL4),
Abminor_Piano_120.wav,Major / Minor Identification,Ab minor,120,4/4,10,Abminor_Piano_120.wav (https://v5.airtableusercontent.com/v3/u/54/54/1782770400000/-Mr8fgmKUtobwhlCpeT2mg/Hdlz9ZTFccH9g8lWHWnMyHzvbnCr9csIXa5V2LsruJfA6a2lBlgYe3nY-YrsDPfguLgehmy1vdW9v-r70fRc1b1CHnZaepzJeFpzYmK6_IP2up7Y6_BvCXJ2ShmYPGtvPWY61YhWvMpoZxu2v70zXBIsBcD57eu9jkvOfaP0Xzs/0QEasUmSJxLCPydX09CvbqA7DOnIDk9P0Dhx1ajgEK4),
Amajor_Guitar_120.wav,Major / Minor Identification,A major,120,4/4,8,Amajor_Guitar_120.wav (https://v5.airtableusercontent.com/v3/u/54/54/1782770400000/JwSuTIZDzW1F62FKBqF8gw/0goWtcfCVfvLu_t_yQP8_hb2oaB7eDR9oHEzggGXcSJAZ1KGl6qxDq004Wm19FG1i2j7hW9mrxyGByNVEzQ5rV7DDIh38ZcD_VfAIVjGUFAevWHJ2NvltVcNP85QkDH3JnU5SoNDapCqzdnTWVN3K21x7h6gWUdYEQS3DwUs5YU/HxA4lewfM-9ykV_974KozmNtui8WeBTMk2I2WRn9WO4),
Amajor_Piano_120.wav,Major / Minor Identification,A major,120,4/4,9,Amajor_Piano_120.wav (https://v5.airtableusercontent.com/v3/u/54/54/1782770400000/DVWEXTBa77poZZEt6Ok6fQ/uTUkMM_t48UcbaqlY2w2UXUWcGvYOgRLWU_ws6CMW7sv4m9mMfrldUGeOVHEkgbLMdg8Dm6wGH3IDSIUbTTuhtIN3nr9mftmV_s9vU5KuQINFfCCEmPWxopT8UQcs9kJ5y_8jpLHlmpJjM9IMQmUPMmKf6mfIElv_e35WBpGeGk/x8eyjqEwdzVwWUKwsFi0TiBSYJGj1ZjiVQngrbtxHFk),
Aminor_Guitar_120.wav,Major / Minor Identification,A minor,120,4/4,8,Aminor_Guitar_120.wav (https://v5.airtableusercontent.com/v3/u/54/54/1782770400000/rlqizopMDZrK7G7EC3IrOg/vYXei9lL2rIZ8VGP93I7_KQgKkF2fcHoXsVoKRlXqGcUTPtxFZH2Wh8rf7qscr5kKwUEuYDkTKWgD211JroJiYEErEKgCYEW1k84g7UiDxui7QhOPL06O8QPRXOpti-tXjnZQXG-sSS9VE38b5jKShIyBDV6etlN0y-x7WQtnKQ/KnU4_tsPrjEOufw0S1TQByTIqjo6gDXHcpNKUOLxoeQ),
Aminor_Piano_120.wav,Major / Minor Identification,A minor,120,4/4,9,Aminor_Piano_120.wav (https://v5.airtableusercontent.com/v3/u/54/54/1782770400000/IBHsd28N7l_tSPw7noujyQ/jj4-ijgLwHG6JvpNUztBgLmPmpnlNNJjtB6OEpym179fL8wW-amsq8U5p9qRKTNvyGrUzoMIuyj9a_48RIxKApvXT0EkmFgAB4q9PAxzIsqgV5ri7xZvNPkfENm1dh5wRiu0hgDneEJpCvNFuG1GCksgpYMg8TShwZXSqDcn0nU/wTAfYmYqeOQK-n8AJfNh_6uHRkAHo4784ucFMNYXt4U),
Bbmajor_Piano_120.wav,Major / Minor Identification,Bb major,120,4/4,9,Bbmajor_Piano_120.wav (https://v5.airtableusercontent.com/v3/u/54/54/1782770400000/wv4LXaKQ3l0KKBeNQQxHZQ/1etY0UEdPEx2j8A-Ud2-t51eY9-_Z_U4hXZeisfrt2xH1529_4F-_NTD4IcOcKeDeP6nY5Nyy8r0hRYpgxDwh6tGMM3BpXVRY5ByTjcKxA-t9zg_G5fvamimvf81fZdCklu6Ei2cgkhSK6UJOIUIm310pSIa-aHHp9BMlacxtPM/gclPleLIwQG2sNtjA_qVu-XHdvTBzparrUBWJqY02FI),
Bmajor_Piano_120.wav,Major / Minor Identification,B major,120,4/4,9,Bmajor_Piano_120.wav (https://v5.airtableusercontent.com/v3/u/54/54/1782770400000/Ibfy0WCSy5147_Kl7YDfyQ/Vsn7lSYNaV6iaAXXUoIljqarISbr1ta8X6dT-8oMHGUnpZ63gpQZUScbTJueDpnH5UvRX8sx_nQ1v90-K4YbbSUVIQT9tco6GYKW_kRv_a4prEWzGUML9t1NxDeBEsAq5knLriFPR_U2TbpmV1O1pElMSq3t_mHkSurt8Nfr4KQ/lHNpxkQ2PIBUll2qWLsIv-nyJMAixbqgyAsY-MZGM34),
Bminor_Piano_120.wav,Major / Minor Identification,B minor,120,4/4,9,Bminor_Piano_120.wav (https://v5.airtableusercontent.com/v3/u/54/54/1782770400000/nAbjFZ0r3D5R2-OAkTSJYA/RquqxEr8tZcJYoFyESvRnqDrR-GWapjVQ88o1GISyxTbDsxL35rOWyJgdE_XdudQvnpCSJQAYRsf0JIYxWru9ym6NcgGAsQMFtgQJX9r0oZ9zCNl-zGz8_a7gE3tWX_VgpYIBWjSOQjnfxk4fAeme-rFUCVJTHAmlhvNszkhJsw/bPZ1y8Zdwj8m9JYGLTbtHGl3jTb4PA-v0HtXGuX0rN8),
Bminor_Guitar_120.wav,Major / Minor Identification,B minor,120,4/4,8,Bminor_Guitar_120.wav (https://v5.airtableusercontent.com/v3/u/54/54/1782770400000/NBvu96S6I8r-Znc0HUiKzQ/fkStKVENCC7JRmbbEW46_Qj34KreDuUcMjikNXahWjvI8kx5jlY71yQY-wStvteFtfCupJyAWWQlSNPQqO8sDlaeDnu71G7F2-ghybpkLS2sZeDGpQrGJJ6GscgeS5lRvM4SfpGk-uwhkftE0LL_RGTYM9WbX5sJwVVlA3BaiC8/9ZOTF7A3gty7Z11u_qGy7rZjXA8syT_LnVHe9dM9yCk),
Cmajor_Guitar_120.wav,Major / Minor Identification,C major,120,4/4,8,Cmajor_Guitar_120.wav (https://v5.airtableusercontent.com/v3/u/54/54/1782770400000/0DSmrD-SCCTpl5-eFNpmAA/m_tMxpEOXZAu3Ini9DAXREZ22aB2ER8pTmBn_sl9fMFi8vbBM2aLdiS_W2ljy9IJGA5SGsY5FfzGZpxyrPsp1qlRwwBUt0PLVv3_f11fGCeJnZUVli_B1sIhpWMbfhnnZTazzcy8Qo6GXbAS2cs0f9pB6IB7GQ4TCepv55ZdxOc/arPdJeBlS-yqEFXhUk9IKAOxF_YvZQWYji2wdggnU-Q),
Cminor_Guitar_120.wav,Major / Minor Identification,C minor,120,4/4,8,Cminor_Guitar_120.wav (https://v5.airtableusercontent.com/v3/u/54/54/1782770400000/oP4o1ZSntJXLH5JM6Zew1Q/CAZdsu-hXEqQqgffmS6c6lanAikr6gWlssHKqeswChB4t_uz8fXtCdsCOdbJRurX0M1UQ9fqmm-7WM2TxTN8S0zmcQBDUV2NNyxQwCmESc9b_IIIv3lFOzaFrOLvloGIaxLec4lo79Ida9YUkAG7snx65ZzKa4uKXe6Pr4atUKU/WhOGA4H1lhvCL3A42hxfBzGAYyfGTUe913XoIb4gRVU),
Dbmajor_Piano_120.wav,Major / Minor Identification,Db major,120,4/4,10,Dbmajor_Piano_120.wav (https://v5.airtableusercontent.com/v3/u/54/54/1782770400000/LfjFlV7k2JhWRG-Shl15-w/RLYWGwxOzLPruJ2sxFBYFyR1ZZdoBdAvtTuMt53K_QPudVHvT3bTNM8oKCne0mROU8gH7vsZ9kKvKroD9GM56ncer3vns_2wbySNBaOXGjRBYY_rmR2Sisn8enfAy5p2eCXYUzIJSJO4r1Y9JGYlWLawocFtafz5fqxF_W5a494/_VQTxcvGlX6215_YIZpuWAuVFbO7A56GQ6cY-xCBbxU),
Dbminor_Piano_120.wav,Major / Minor Identification,Db minor,120,4/4,10,Dbminor_Piano_120.wav (https://v5.airtableusercontent.com/v3/u/54/54/1782770400000/Ah6ECRoX6VoRfPn5EDwZWQ/iahiVadwSSm0Xga-4a_33RINe-CNHH651X9H60AT5day4_-wD2fKP-gYV74ZPh88wo-E1zL7RMLigtVEwejCLNujuGrx6dIKfhaq0c9hvxHUS-pONwQ3TsR-HYhm2YIAEYwvO7_2TJ4DYEDD3zOr3UGnou8uj9Ib_sYvKOavXAw/LXk50rZk7FjengIlObSi-H_aip0oJr9Qvjk7mfLhiO0),
Dminor_Guitar_120.wav,Major / Minor Identification,D minor,120,4/4,8,Dminor_Guitar_120.wav (https://v5.airtableusercontent.com/v3/u/54/54/1782770400000/JoJ3REFj3mhoTfdB6JB1Gg/4Oyr1EVsrT6n9oJ2KeinYM2Ss2dUl02oFOBd-fCe57AujloKQwciTz8goS_4RS35xNfkClmmMhY4d9sHMp90lKyUU-n0-bWHJEvUl-tbncnF51-E8_r2Rj_jUi2jMqd52oFbtGnQg7sR_50v48fO6Zt0u_jwSftshlBxPQ5gDhg/3QEaiYctrkOAvFNE_bcnVmzIFiDyhl7XUGB60eShdvg),
Dmajor_Guitar_120.wav,Major / Minor Identification,D major,120,4/4,8,Dmajor_Guitar_120.wav (https://v5.airtableusercontent.com/v3/u/54/54/1782770400000/UkVdNBvDfjE1x2dcHvz8Nw/OxzoVVjBIZbS39yDHAcWkqcLe6DkTqSCi4K9jWNnRGrpObcKz_ZJWvuExcs1VXABqnfcoyGz-3oPlhADuuFMuDgzcC9ZRT9rJWoL0aLqbAXB_nAJt8jNMEDKBYVBI3xDeWbAJtqtiAwgcCEP04oCPrDkLhQdourukIY8_3LMQjQ/ZnvQD67ec547TaE_NFOrs5nxGpwKJX4Io2E0Avdeaps),
Ebmajor_Piano_120.wav,Major / Minor Identification,Eb major,120,4/4,10,Ebmajor_Piano_120.wav (https://v5.airtableusercontent.com/v3/u/54/54/1782770400000/woBdfZqerMdYckJJWYTePA/sLEHs-zjOYfXhYA12UVq_IDu6Q18E4YaJU_dnWlH8-8YQN7DDViWeadm8Ax52gBb756wR81rgjnun8T-_pEVmw35aScCho7CGy2jVT7_7OZCntTm9gLKBxIRPfpYeK2Y2bh0XsXnKY2wHiT6f5VmtqOYCI2_r6YAKua3Nd8yni0/EZpDpwzhbszXXiLvAUzfJY7zGYtvNK5X-MwfnIKGBH8),
Ebminor_Piano_120.wav,Major / Minor Identification,Eb minor,120,4/4,10,Ebminor_Piano_120.wav (https://v5.airtableusercontent.com/v3/u/54/54/1782770400000/jNwX-KIrMvaPlU0PMI1z5A/b2A79PcuLDcj_F3oxYEebmmoBM8JzwiBdAcM1G4wAWV0OLR_ZoenfKHwMw33fcIU4AoZuN8l5uooOHalJG0hsBXXdwULKNd4G2kaWGUBQiB36lBTAXLHT3x_OqscJiJAGIQ7mJq-h085KqfA5uzNKD1cZdQmVvunDawsLzSa2cI/3e3aD_yIycYbiDpr85yM7teOCYvGjdNoQKMINkVrw0k),
Emajor_Guitar_120.wav,Major / Minor Identification,E major,120,4/4,8,Emajor_Guitar_120.wav (https://v5.airtableusercontent.com/v3/u/54/54/1782770400000/8MzAm6E-qTz1g3E_Rf15sw/Vc4_NyvwR8rAv1HTVu9zWi5MrH_pU23sD8DPm5WBJYfYtVZPWjqTifPUmRnETlYCDc7DQUv_g1OS26eiiNArBJitP9xzl-m_eNFk4HosgfR1r-hoAF3txrp-lkv6QG3A4JwU_EMUS7drY7Z5txLjln77jVjnjm75O34A9jQt2bg/JwH5lHVxN2yopnh1zSQdhe7rY2DToPliGcV0t3pmGH8),
Emajor_Piano_120.wav,Major / Minor Identification,E major,120,4/4,9,Emajor_Piano_120.wav (https://v5.airtableusercontent.com/v3/u/54/54/1782770400000/Psq0Usu2C3fmqmHRLJhqSw/7tyWR0Me1og67AcYBlMdeFdVdlBVuxOSf7Al5UO5W5HsdMFLbANBhfi81p5VlGJbtmXnFRquKwX-U5pFYZgAI9kXYAVT5egqDhIe9IOyBAGhKvQ0aN4ApqGn9f03RIh0n2vK_4Eg5iQn2mX27-Zc-93MuNJif3MMHZy49qdlPVI/Enk2M_vTUkhNoUeTDFzzrJ23iloQRMlIOVakW-coOzY),
Fmajor_Guitar_120.wav,Major / Minor Identification,F major,120,4/4,8,Fmajor_Guitar_120.wav (https://v5.airtableusercontent.com/v3/u/54/54/1782770400000/SlqoW08IOF0I4r3B8IIA6g/9KpFYVhwpaoBuz1-OHl0-PAwAHEY5LBXHe3IoJwvGYSGAPc7OCgAadOvRLEd4T5erySuQyhx2Gl1xehkKOSwwa2SUJ0oAozPGAaoTzN_tISXSKpF1hCBkreo7ZF_I1h2Eo7CXZvPK5c3s33Bi9XHgKKU-l4ki5VjLldUyAS3bOI/l2LbecZ8OZuES28xrP-snTW-xYSdvtvMd2BUxcp3_Dg),
Fmajor_Piano_120.wav,Major / Minor Identification,F major,120,4/4,9,Fmajor_Piano_120.wav (https://v5.airtableusercontent.com/v3/u/54/54/1782770400000/p72flfBvD10i99eriKpPMw/C164s_rfzkJcDX2Jzgfh4Ohh_V2BXgcj783FwZVtDxkUFfFBQAy9dfkiLmXZmDzHT7GH-GSn4zBljC8PUCxk47shUxl9S_iixu_nZL58hqM5og_p8wds3DkQvPWHipMqC7K2O7EZkxmxOBBH0L-XqjyVsUE4FCKFMg6kWmfRd2c/cefB7m_ytqgVaK-AbGCPnh8ZiKnfbvyAwvO-_e2DXAU),
Fminor_Guitar_120.wav,Major / Minor Identification,F minor,120,4/4,9,Fminor_Guitar_120.wav (https://v5.airtableusercontent.com/v3/u/54/54/1782770400000/Eitz1muwXOkgLYrwywHMww/_uNnFVqJPXnG0SnH8V1Xl3IdfX7I7AxM7oDOFykwml2KsM4PuozY6k4JXITgw4Z32ZqcIF2d03fdZf2CnCeTm3LK3lD5K7V1Rci7Z90K66ddGBLAzzMmq1qwYFYeCd7qqJSLM8zCQLrAJr4Sz_52Z73KduoU4R0aGMsZe5WKeD4/bhj5FrXRn2s5kHWXpqplwmSIYUMnzr7Qaq4IAGYl0oQ),
Fminor_Piano_120.wav,Major / Minor Identification,F minor,120,4/4,9,Fminor_Piano_120.wav (https://v5.airtableusercontent.com/v3/u/54/54/1782770400000/j4VD5CGFZ6OG1XrAn-jiWw/0yBKwQL3R2KY_Da2m3HF2O_rDHTZvwI6Qyej6DPNaW_jyQ36h4pl7s1f_G4Sfv67_JDBxPuujSSYvZfvyPEXb19bP1AIpUN8XzWMk5IgEMotppBI6FoxS6XwViPqtlYdb8MN1syOzp6RaAYEfdV4WBnFhkMHv1tOrIkBC4vDOWs/KIzNYuFLaefdLAmtYfC2k4waaYTJytGZickZGGorJ60),
Gbmajor_Piano_120.wav,Major / Minor Identification,Gb Major,142,4/4,10,Gbmajor_Piano_120.wav (https://v5.airtableusercontent.com/v3/u/54/54/1782770400000/R2gGIjLXQlTk7cv8cLp5ng/FPgjyZalP_UitpDt-YJ8KsOQG9FBnyIvk21jwMbsumrZCXi2hqH9fPpgibbw4UN1GLEaQ8DcGl98SynQFxJIXul7vPFyr16WpbuP2WKL1UlCaIteIyqJfg-c9aODgBMWRs5F_7qjLLUn26SfazCHc45bvvxuLymMXKEbAnevzO0/oyTi15C3jThun7gEYf5pmotkx0A-WGIkt8YkJhyO2Gc),
Gbminor_Piano_120.wav,Major / Minor Identification,Gb minor,120,4/4,10,Gbminor_Piano_120.wav (https://v5.airtableusercontent.com/v3/u/54/54/1782770400000/2vA_-lk4mT9d5NopRgqhjw/KzAXisxu-xL-3CT-ehXJaKf5qjfqZH7GaY060TC-SPmy-o1mzPul_9ns6px64fA3FDCum8Fx_8-SUSbFqTmvAEfUpB1KVpqRiT8e39gfyNqPKg9pj7-2doLtc90i5PLus0J9R-JXLDswQTGSdFFnprLCgqPBw0f5i90QAkh_KE0/S_2P72FSJ55iQ5_1iK_Qe4nqeHCn89YLhzABqshXro8),
Gmajor_Piano_120.wav,Major / Minor Identification,G major,120,4/4,9,Gmajor_Piano_120.wav (https://v5.airtableusercontent.com/v3/u/54/54/1782770400000/9XRrEDuAV4VlwWyexdCTgg/6CH0Vlru84E6xKQ74H7VDAdCui-2y19zEHlI3dHpyikEIQVPi5NvzFndihyNVg8y_fpFGHCLjX3X6obC6u53ySn--R-0VFzRmvP7ItBV65ZEuI7KWBD1UaAVveGLZJNpn8kCR-lhSm22w2lqpVBekXlQfqpD1QAs7j8JFOYstsk/-whrLB95JY1AF9gt04y6kkwz6iXWz_EYVilBi_BSaAI),
Gmajor_Guitar_120.wav,Major / Minor Identification,G major,120,4/4,8,Gmajor_Guitar_120.wav (https://v5.airtableusercontent.com/v3/u/54/54/1782770400000/BrVZudc07_J9ScXAtPkcKw/Q7AcQElXQgYeX-kDwswm6pst9xSVsKpfgFodgL3Cr-eRYmIOvhTiY4BOZkOCwgfDe-knRbZTAlDDRgL92Y1FUANA_ydeiHIgFSZQ5FL4qxqDsG3SjmR241Sd89_QiQJP4jFySE1ITgzxa7xbaOC0Ma7chkwsWcWujMT4_1-EV8A/hA74FDrIndrLbHpQJipLz1z6GgnrtviLjMx6cGohtBc),
Gminor_Guitar_120.wav,Major / Minor Identification,G minor,120,4/4,9,Gminor_Guitar_120.wav (https://v5.airtableusercontent.com/v3/u/54/54/1782770400000/k-5-4E052f12axC59i7t6A/Lv3kwkCZkhNFAG7QHeitepcfRCeMmyAvJhqowQBDW1lrMreoK2F5z3qqK9NLCQoBTfCAzMJ-YciWPaXn6H_Tcj99hiInJDBCPV8EkPEuIcGPPHV13ay0M0Q_m8VywSwpEa38DYlgfPiT32pFyhGXitgSO-oFYWRJvFEVQQ-TgJk/vFONwNbKfrVvmG3D1nP9Ujivn8HqoMINLAP6NHbiKVQ),
Gminor_Guitar_120.wav,Major / Minor Identification,G minor,120,4/4,9,Gminor_Piano_120.wav (https://v5.airtableusercontent.com/v3/u/54/54/1782770400000/gcMVMmYZhS1X_GRCvFEECw/mK59cKGRAipM6X2t6MoVQi9Q7GJXP9PE3xRQnVCEcFsKeIMTRxSG6omFqHf1dpxj0vBDyb8gJYVqIYxovliB71264MlLNaSkHl19UswexOesfB3oPO6KhLVLaBqmHOzjs5OH_NFKipjuTwm9TJfS20Pjs-K-LdqL06ttgfHXFZY/l6CXpNbON_GpnNv3Lnc83Ld6S0w3mwHZeXPkEudqVpQ),
M1_Gmaj_90.wav,Pitch Shift Detection,G major,90,4/4,7,M1_GMaj_90.wav (https://v5.airtableusercontent.com/v3/u/54/54/1782770400000/Sw4l6NYlUefsyH6VjNSQCQ/xB1Gc17kJUW9mqHmWT8979GcwT9HaGacj77bjaFDANbGlvfynh1NGMiyy177OEIXj8v5M8le0isw-OQuD8wAaIw-tUJU2QPl1TBNiUnHPUsovJceRwrkDSKAD0xuiLiziY3AiB_DujDLEaKFOv286H8taSO-lCf3CCdJZ9jvg0Y/6ymiYXlf_F2qwXNymSFBi3ny4BrJX-2zUMuH3EBVXDA),
M2_Fm_155_3:4.wav,Pitch Shift Detection,F minor,155,3/4,6,M2_Fm_155_3_4.wav (https://v5.airtableusercontent.com/v3/u/54/54/1782770400000/0jvpEyfe6FVodjUDgunKHw/No3NTL6F9IV9Uad2F2mE1amV9M-a_KiUFQ8pwFxfzzPueMGovaXYMtpK3veXls1on2AKwch7XLMw2124LZsAoZXgT3XyggIGcb2MK1IuBPjMTPLn45o0dFiAQy6N7wiGHqBg_1JEfsmdMaK6U548A5du9ZIkx773JAT9zgTmJYU/qpAKbhPAgGjDwgGGijeM1Xm9hMb7zaHClzLvJM4Xw4A),
M3_GbMaj_78.wav,Pitch Shift Detection,Gb major,78,4/4,11,M3_GbMaj_78.wav (https://v5.airtableusercontent.com/v3/u/54/54/1782770400000/JCoZkxEqSWMDdL8Q2InZJw/lOUXWTHHZRmECU4kx-p0LHWxvmlsAXSCQQOFYt_MGCRdbP9nTH5QBZBVGkhRvKrS6XkdLLT8zosqaLlSqb41UDl5GSnOfb4gFAaaI9a_ZMyoGmz9aJJSTjaOwtnkFKUaob0FnDz9gJkm0ZCE2_pIw_0rGH1c5fzKnfstCLR6gTw/ccYeDj7vwVOlUyUJxTebD3Fh645t4KKIaHOSFkLMjGU),
M4_AMaj_130.wav,Pitch Shift Detection,A major,130,4/4,11,M4_AMaj_130.wav (https://v5.airtableusercontent.com/v3/u/54/54/1782770400000/FBPYfDi5ji4kGitEIMuXGg/HqdWw1Sgu6yK9qrpt8nwBlnM1mmhMqqR0wx5b9rsvT2lpvHOktJjXGrpw_hIloh7VXK3LZjLN5i5rgC_t9mBoQePaDEhxEEhSSyy1CPHk6uqC2DvYgz0h9J8eEJfGhFX6ElpNYN2GP2Qfzcptxl2I3WndNAfTq0FDBGbV-_JGbw/K8S4ljP_C4Ss5n06KMsTiERUtFEoxM4FG4_bEijv9aE),
M5_Bm_100.wav,Pitch Shift Detection,B minor,100,4/4,9,M5_Bm_100.wav (https://v5.airtableusercontent.com/v3/u/54/54/1782770400000/GGa3zJvZvHsjx_Yc0JVRdQ/hOL6cZsYb759ITAdD80nFxpSiF6O5YwA5XegputvXXV4Xvm68S7qTYVCUYDZp-fiBVmAi7g5fXXSfuarREy3Jm0Wy2L2NoW6ntBKAc88km2hChGNCx_WZU_RQOslFmIpQstPCeQ-BsEIq-n8KhsDwcFlxyspDocFtK80HqZxWMM/tYhr_xTg9OakZD-SY4bfzorKLBrciDC1JckYTM1KUu8),
M6_Bbm_120_Piano.wav,Pitch Shift Detection,Bb minor,120,4/4,9,M6_Bbm_120_Piano.wav (https://v5.airtableusercontent.com/v3/u/54/54/1782770400000/Gp7R4MSuNLzlDPbgitr1mw/LrBffjUdESqisyetB3XMgdE8ZqgKK1ZQXEhUXLJFteDGBIOMz3jiRQ8RJezS7541mhAcOWrqUFNytCzRJPY88CaWsoOafT-qA-uAG71yh3GG4BPS-lN1VwZZMFlzkmcM1TqHHReiloqk8KCgYE8bZP-YO3DH2upxeCOmW17eoig/TQvde_ccZrmj6J6j9IU6-8ukF6COIVohnS9msvui7-I),
M7_DbMaj_140_Piano.wav,Pitch Shift Detection,Db major,140,4/4,3,M7_DbMaj_140_Piano.wav (https://v5.airtableusercontent.com/v3/u/54/54/1782770400000/DJAS_cE5Jni7TFiLzE3hdw/aePfC1hlmfDarnIS-ggWdtxhratRK2pTnKe4oq_q2gVaMhXFKxdglkBC18SgnLj14_j08SF4_wEX1AjeJNkB6L7hMgLT4r15x-AUinleEdfV3rgV6nyPXqS1AINBTm63XCMOM7eXrT4bAHhvdxsGrs0YIAzkOjXDWrWVeD4-Puw/vWHiZ1IqMsjhxT48UiqQFsTGS07oBaRxY78USKsM8oM),
M8_AbMaj_95_Piano.wav,Pitch Shift Detection,Ab major,95,4/4,10,M8_AbMaj_95_Piano.wav (https://v5.airtableusercontent.com/v3/u/54/54/1782770400000/rufU_49cr-6QQFW4S0RJXA/8UmvfVmHcXKi5vwg6-Ynvc_bIzexo2_DexTF28mbAl-SD56BUT0aiP7cJDFkFD8Iwt9d34H30_pnvT59IF8XZGwX4eqjhZ2WhepyTlgiqODaVlnkAWnYGuGnH9P0kUZR9blMuokdt8LoxFdPgp8hCd6hF55yBmD4gIJzbnzlrWE/WVuvucla7pd2geKUAEBLDg5hJyai_w1klBi1IeabNOM),
M9_Em_200_3:4_Piano.wav,Pitch Shift Detection,E minor,200,3/4,15,M9_Em_200_3_4_Piano.wav (https://v5.airtableusercontent.com/v3/u/54/54/1782770400000/9CWyGKC8Ux6qJUkjheEiwA/qcYJd8PA7oFma-BtqFj6PFz4SPP7RuILz23f93uKUcg7tbieUEHYedu20jgb5Pvq_kADu9Ny1yPTPsEKH_nR7HSDwls5pwJeQadGY77NcLIIHeoV77Nf0pCzi24zaowyDwp6rmZ0bCtFBYzWJq4APaK-avpqTMoJegAyiAfqFbA/XwAvcWnjvN7MOveblz9vXjqJAlWyUswQjloeViUSr5c),
M10_Dbm_165_3:4.wav,Pitch Shift Detection,Db minor,165,3/4,9,M10_Dbm_165_3_4.wav (https://v5.airtableusercontent.com/v3/u/54/54/1782770400000/ek-3i08gmGHpAKXJ6Pzz-w/JahEioElU3VQjaheev3h2kj89s-gxUYE5y-4XKpZa8nXlFVmsKWhTU4EwIqvTBJCzfFHDYWOtss3_Rp5HQy74xRjLIRF_8dewOxx84yC8XZiWFyoXNF7JopSeSrprvnsx3Eg5BLX9iUg4S1D7nHmuyHBlDxwX-yy3L7RMM2-Xfo/OPTnVoZETyw9hrITaQ2zSSAZ42K5lflW1R9h5FTyqYc),
M11_CMaj_180_Piano.wav,Pitch Shift Detection,C major,180,4/4,5,M11_CMaj_180_Piano.wav (https://v5.airtableusercontent.com/v3/u/54/54/1782770400000/UyMru5q3Wamf3oslsk_Qfg/zFu2l4hEP_rqmhZWUQdMnPTDMg7dFwj97vbVE45ynvvW8t6CR2WwNOxT1pwizHMcrjSIQf0lk098L8DAWLU-J6eftjspMdMzXkzcfpt8ld_EElED1MxXWLJvfA5qYI63e3ORSlCAnYs49Tux_Y63NQNY-0ayJ40CCLLujv2O7FE/NOzIrdhIz-NIqW31woC3dfz62v3fTAaoRgEOhx0UZMA),
M11_EMaj_180_Piano.wav,Pitch Shift Detection,E major,180,4/4,5,M11_EMaj_180_Piano.wav (https://v5.airtableusercontent.com/v3/u/54/54/1782770400000/bczw0P2WLrkKKseD7Sj7rQ/YhwsE_k5SXX3bgyK3VZd8qIv9XT53qZS08lqiWUbWdhDkUWJG5BqrMS0PuCvatqK_daHcmUAahWv-zVyW87HVrD607QOYHxq3cL-izuPqMocVH_1S4Ho0gB0tqNdi9S4S_4Tv0C2orQi-ZopG2OJP_CUB3gj7sg9Xw4kDrd3DMQ/ZDgdg_fZl-0k9r-RpGRTZtmP4R6iq8UgBVw1W39lRbE),
M12_FMaj_155_Piano.wav,Pitch Shift Detection,F major,155,4/4,5,M12_FMaj_155_Piano.wav (https://v5.airtableusercontent.com/v3/u/54/54/1782770400000/0dOWRy9CW1_eDWaIDTeZHw/dmysTov5nQAtxjWz0V0JurUGVQXziY48sMq5-RqG7LqB4wmbMcRWNuDeqg6CF4k7ZOOvS-zcd2obXcnVy0GaMmZAWPp-TdCMhCvKbsVzFIyrTebT6ANdPvTKncalznoj6yidPNRwyUQkhhmxOnyjRRgPPYsF-OL4SnHFYPM4V4M/OQz7G3YGbqf-itjBGmIMSE8dpXYZ-K0980oxF1njA14),