qid,category,skills,category_1,category_2,category_3,question,answer_format,example_answer,prompt,reference_answer,response,judge_score,judge_score_norm,verdict,grounded,hallucinated,hallucination_level,judge_rationale,skipped,error
BV1vc411S7ro_00-00-00_00-00-30,inferential,location,music,Perception Layer,Environmental Perception and Reasoning,"In the video, the woman is singing. Is the location indoors or outdoors?",a location descriptor (indoor/outdoor),Indoors,"Listen to the audio and answer the question. Be specific and ground your answer in what you hear.
Answer format: a location descriptor (indoor/outdoor).
Example of a validly-formatted answer (shows the expected form only — it is NOT the correct answer): ""Indoors""

Question: In the video, the woman is singing. Is the location indoors or outdoors?",Outdoors,Indoors,0,0.0,incorrect,0.0,True,inferential,The model's answer contradicts the reference answer and lacks grounding in the audio features.,,
pUZeSYsU0Uk_00-01-40_00-02-00,affective,emotion,music,Cultural Layer,Professional Knowledge and Reasoning,"What emotion does this piece of music express, happiness or sadness",a short emotion word,Happiness,"Listen to the audio and answer the question. Be specific and ground your answer in what you hear.
Answer format: a short emotion word.
Example of a validly-formatted answer (shows the expected form only — it is NOT the correct answer): ""Happiness""

Question: What emotion does this piece of music express, happiness or sadness",Sadness,Sadness,4,1.0,correct,1.0,False,none,The answer matches the reference and is grounded in the affective qualities of the music.,,
5cV1y1uDhpk_00-00-00_00-00-22,inferential,instrumentation,music,Cultural Layer,Professional Knowledge and Reasoning,"Different violins are used in the performance in the video, which violin do you think is more expensive?",a mcq option,The first one,"Listen to the audio and answer the question. Be specific and ground your answer in what you hear.
Answer format: a mcq option.
Example of a validly-formatted answer (shows the expected form only — it is NOT the correct answer): ""The first one""

Question: Different violins are used in the performance in the video, which violin do you think is more expensive?",The second one,The second one,4,1.0,correct,1.0,False,none,The answer matches the reference and is a valid inferential response based on the audio clip.,,
