benchmark,question,question_type,correct_answer,distractors,audio_url,category_1,category_2,category_3,category_4,artist_name,end_time,license,song_name,start_time,track_id
hummusqa,Which of the following best fits the guitar pattern heard at the beginning of this excerpt?,mcq,riff,"[""glissando"", ""Alberti"", ""walking bass""]",q1_1204663.mp3,music,Melody,Musical Texture,Low,Melanie Ungar,01:00,http://creativecommons.org/licenses/by/3.0/,"Madly, Deeply",00:00,1204663
hummusqa,"Which section of the song follows this harmonic progression: vi, IV, I, V?",mcq,chorus,"[""verse"", ""bridge"", ""outro""]",q2_1204663.mp3,music,Structure,Harmony,High,Melanie Ungar,01:45,http://creativecommons.org/licenses/by/3.0/,"Madly, Deeply",00:45,1204663
hummusqa,What type of beat do you hear in the drums?,mcq,rock,"[""funk"", ""soul"", ""jazz""]",q3_1204663.mp3,music,Metre and Rhythm,Genre and Style,Low,Melanie Ungar,01:45,http://creativecommons.org/licenses/by/3.0/,"Madly, Deeply",00:45,1204663
hummusqa,What kind of accompaniment best defines the beginning of the song?,mcq,arpeggios,"[""block chords"", ""broken chords"", ""counterpoint""]",q4_196219.mp3,music,Musical Texture,Harmony,Medium,Maya Filipič,01:00,http://creativecommons.org/licenses/by-nc-nd/3.0/,Stories from Emona I,00:00,196219
hummusqa,What type of articulation best defines the melody of this song?,mcq,legato,"[""marcato"", ""sforzando"", ""staccato""]",q5_196219.mp3,music,Performance,Mood and Expression,Low,Maya Filipič,01:00,http://creativecommons.org/licenses/by-nc-nd/3.0/,Stories from Emona I,00:00,196219
hummusqa,What level of ornamentation is present in the melody?,mcq,high,"[""low"", ""medium-low"", ""none""]",q6_196219.mp3,music,Melody,Performance,Medium,Maya Filipič,01:00,http://creativecommons.org/licenses/by-nc-nd/3.0/,Stories from Emona I,00:00,196219
hummusqa,What type of beat do you hear in the drums?,mcq,four on the floor,"[""swing"", ""eighth note groove"", ""shuffle groove""]",q7_171574.mp3,music,Metre and Rhythm,nan,Medium,UltraCat,01:00,http://creativecommons.org/licenses/by-nc-nd/3.0/,One Nice Thing Once a Day,00:00,171574
hummusqa,How many chords are played in the song?,mcq,two,"[""one"", ""three"", ""four""]",q8_171574.mp3,music,Harmony,nan,Medium,UltraCat,02:00,http://creativecommons.org/licenses/by-nc-nd/3.0/,One Nice Thing Once a Day,01:00,171574
hummusqa,What type of filter is applied to the melodic instruments at the beginning of the song?,mcq,Low Pass Filter,"[""High Pass Filter"", ""Band Pass Filter"", ""Band Stop Filter (Notch)""]",q9_171574.mp3,music,Sound Texture,nan,Medium,UltraCat,01:00,http://creativecommons.org/licenses/by-nc-nd/3.0/,One Nice Thing Once a Day,00:00,171574
hummusqa,What effect is applied to the vocals in this track?,mcq,pitch correction,"[""Bitcrush"", ""Ring modulation"", ""gated reverb""]",q10_1093606.mp3,music,Sound Texture,Performance,Low,Lilly Wolf,01:00,http://creativecommons.org/licenses/by/3.0/,Dollhouse,00:00,1093606
hummusqa,What note of the chords does the bass play during the verse?,mcq,1st (fundamental),"[""3rd"", ""5th"", ""7th""]",q11_1093606.mp3,music,Harmony,Instrumentation;Musical Texture,High,Lilly Wolf,01:00,http://creativecommons.org/licenses/by/3.0/,Dollhouse,00:00,1093606
hummusqa,What instrument plays the lead sound in the introduction?,mcq,Synthesizer,"[""Bass guitar"", ""Piano"", ""Ukulele""]",q12_1093606.mp3,music,Instrumentation,Sound Texture;Structure,Low,Lilly Wolf,01:00,http://creativecommons.org/licenses/by/3.0/,Dollhouse,00:00,1093606
hummusqa,What time signature do you hear in this song?,mcq,4/4,"[""3/4"", ""6/8"", ""12/16""]",q13_1045016.mp3,music,Metre and Rhythm,nan,Medium,Olga Zhilkova,01:30,http://creativecommons.org/licenses/by-sa/3.0/,Don't Lose Your Way,00:30,1045016
hummusqa,Which instrument is introduced in the chorus?,mcq,shaker,"[""bass guitar"", ""electric piano"", ""trumpet""]",q14_1045016.mp3,music,Instrumentation,Structure,Low,Olga Zhilkova,02:00,http://creativecommons.org/licenses/by-sa/3.0/,Don't Lose Your Way,01:00,1045016
hummusqa,Where is the shaker positioned in the stereo field?,mcq,left,"[""centre"", ""down"", ""up""]",q15_1045016.mp3,music,Sound Texture,Instrumentation,Low,Olga Zhilkova,02:00,http://creativecommons.org/licenses/by-sa/3.0/,Don't Lose Your Way,01:00,1045016
hummusqa,What type of synthesizer sound predominates in the chorus behind the vocals?,mcq,pad,"[""lead"", ""pluck"", ""sequenced""]",q16_1100505.mp3,music,Sound Texture,Instrumentation,Medium,Kellee Maize,02:00,http://creativecommons.org/licenses/by-nc-sa/3.0/,Anyway - Produced by J. Glaze,00:50,1100505
hummusqa,How are the hi-hats played in this song?,mcq,closed,"[""open"", ""half open"", ""there are no hi hats""]",q17_1100505.mp3,music,Performance,Instrumentation;Metre and Rhythm,Medium,Kellee Maize,02:20,http://creativecommons.org/licenses/by-nc-sa/3.0/,Anyway - Produced by J. Glaze,01:20,1100505
hummusqa,"During the introduction, there is a low-pass filter that is changing its frequency. Could you say in which direction it is shifting?",mcq,up,"[""down"", ""down-up"", ""up-down""]",q18_1100505.mp3,music,Sound Texture,Structure,Medium,Kellee Maize,01:00,http://creativecommons.org/licenses/by-nc-sa/3.0/,Anyway - Produced by J. Glaze,00:00,1100505
hummusqa,"During the introduction, the kick is played twice in each bar. On which beats?",mcq,one and between the second and the third beat,"[""two and four"", ""one and three"", ""two and three""]",q19_435883.mp3,music,Metre and Rhythm,Instrumentation,Medium,Ay - 14ice,01:00,http://creativecommons.org/licenses/by-nc-nd/3.0/,I dont need you,00:00,435883
hummusqa,"During the sax solo, what scale is the electric piano using?",mcq,blues,"[""major pentatonic"", ""minor pentatonic"", ""hexatonic""]",q20_435883.mp3,music,Melody,Harmony,High,Ay - 14ice,02:47,http://creativecommons.org/licenses/by-nc-nd/3.0/,I dont need you,02:03,435883
hummusqa,"In the introduction, the snare is played on the...",mcq,rim (rimshot),"[""edge"", ""center"", ""side""]",q21_435883.mp3,music,Performance,Instrumentation;Sound Texture,Medium,Ay - 14ice,01:00,http://creativecommons.org/licenses/by-nc-nd/3.0/,I dont need you,00:00,435883
hummusqa,"During the introduction, the bass and the lead play their melodies in a...",mcq,parallel motion,"[""contrary motion"", ""oblique"", ""random""]",q22_1215874.mp3,music,Melody,Musical Texture,Medium,Lollita,01:00,http://creativecommons.org/licenses/by-sa/3.0/,Dance tonight,00:00,1215874
hummusqa,"During the chorus, we can hear a very popular type of synthesizer sound. Can you guess its name?",mcq,supersaw,"[""square wave"", ""triangle wave"", ""sine wave""]",q23_1215874.mp3,music,Sound Texture,Instrumentation,Medium,Lollita,01:18,http://creativecommons.org/licenses/by-sa/3.0/,Dance tonight,00:46,1215874
hummusqa,Which of these tempos is most accurate for the song?,mcq,125 bpm,"[""115 bpm"", ""140 bpm"", ""150 bpm""]",q24_1215874.mp3,music,Metre and Rhythm,Performance,Medium,Lollita,02:00,http://creativecommons.org/licenses/by-sa/3.0/,Dance tonight,01:00,1215874
hummusqa,"When the drums start playing, we can hear something known as...",mcq,metric modulation,"[""time signature change"", ""swing"", ""double-time""]",q25_135660.mp3,music,Metre and Rhythm,nan,High,Jemex,01:00,http://creativecommons.org/licenses/by-sa/3.0/,Over Me,00:04,135660
hummusqa,What kind of pattern is the bass following in the verse?,mcq,minor pentatonic,"[""Root - 8va"", ""Dominant 7th arpeggio"", ""Root - 5th - 8va""]",q26_135660.mp3,music,Melody,Instrumentation,High,Jemex,01:00,http://creativecommons.org/licenses/by-sa/3.0/,Over Me,00:28,135660
hummusqa,What effect predominates in the electric guitar's sound?,mcq,Distortion,"[""Delay"", ""Gated Reverb"", ""Flanger""]",q27_135660.mp3,music,Sound Texture,Instrumentation,Low,Jemex,01:30,http://creativecommons.org/licenses/by-sa/3.0/,Over Me,00:56,135660
hummusqa,The beginning of the song starts with a change in dynamics. What is this called?,mcq,crescendo,"[""diminuendo"", ""sforzando"", ""fortepiano""]",q28_14013.mp3,music,Performance,Mood and Expression,Low,Galdson,01:00,http://creativecommons.org/licenses/by-nc-nd/2.5/,Roots,00:00,14013
hummusqa,What is the interval between the two voices that play the melody?,mcq,octave,"[""unison"", ""3rd"", ""5th""]",q29_14013.mp3,music,Melody,Musical Texture;Harmony,Medium,Galdson,01:00,http://creativecommons.org/licenses/by-nc-nd/2.5/,Roots,00:10,14013
hummusqa,What is the name of the ornament played by the piano in the melody?,mcq,up arpeggio,"[""straight glissando"", ""wavy glissando"", ""down arpeggio""]",q30_14013.mp3,music,Melody,Performance,Medium,Galdson,02:00,http://creativecommons.org/licenses/by-nc-nd/2.5/,Roots,01:15,14013
hummusqa,The melody starts with four notes on D. Can you guess which note is played after?,mcq,C#,"[""C"", ""G"", ""E""]",q31_644172.mp3,music,Melody,nan,Medium,Millionaire Blonde,01:00,http://creativecommons.org/licenses/by-nc-sa/3.0/,Una Bugia,00:00,644172
hummusqa,This verse of the tune is written...,mcq,In a major key,"[""In a minor key"", ""Neither of the two"", ""It is not a tonal tune""]",q32_644172.mp3,music,Harmony,Melody,Low,Millionaire Blonde,01:00,http://creativecommons.org/licenses/by-nc-sa/3.0/,Una Bugia,00:13,644172
hummusqa,What is the time signature of the tune?,mcq,4/4,"[""3/4"", ""6/8"", ""9/8""]",q33_644172.mp3,music,Metre and Rhythm,nan,Medium,Millionaire Blonde,01:30,http://creativecommons.org/licenses/by-nc-sa/3.0/,Una Bugia,00:30,644172
hummusqa,What compositional technique do the piano and the drums use in the introduction?,mcq,call and response (also known as question and answer),"[""homophonically"", ""There is only a piano in this excerpt."", ""counterpoint""]",q34_355486.mp3,music,Musical Texture,Instrumentation,Medium,Quantum Jazz,01:00,http://creativecommons.org/licenses/by-sa/3.0/,Casa Noir,00:00,355486
hummusqa,In the verse there is a dissonance that doesn't belong the key and mode of the tune. Do you know which one is it?,mcq,Ab,"[""G"", ""F"", ""B""]",q35_355486.mp3,music,Melody,Harmony,High,Quantum Jazz,01:00,http://creativecommons.org/licenses/by-sa/3.0/,Casa Noir,00:00,355486
hummusqa,What element does the piano player introduce in the piano solo?,mcq,Block chord voicing solo,"[""Bebop scales"", ""Polytonality"", ""Atonality""]",q36_355486.mp3,music,Harmony,Musical Texture;Performance,High,Quantum Jazz,04:10,http://creativecommons.org/licenses/by-sa/3.0/,Casa Noir,03:20,355486
hummusqa,Which percussion instrument plays during the verse?,mcq,conga,"[""djembe"", ""cabasa"", ""timpani""]",q37_337998.mp3,music,Instrumentation,Structure,Medium,Hiroumi,01:00,http://creativecommons.org/licenses/by-sa/3.0/,beautiful,00:00,337998
hummusqa,"Here, the singer uses a specific vocal technique. Do you know what it's called?",mcq,Falsetto,"[""Chest voice"", ""Middle voice"", ""None of the above""]",q38_337998.mp3,music,Performance,Sound Texture,Low,Hiroumi,03:30,http://creativecommons.org/licenses/by-sa/3.0/,beautiful,02:30,337998
hummusqa,What type of instruments predominate in the song?,mcq,Acoustic,"[""electronic (analog)"", ""electronic (digital)"", ""None of the above""]",q39_337998.mp3,music,Instrumentation,Sound Texture,Low,Hiroumi,01:00,http://creativecommons.org/licenses/by-sa/3.0/,beautiful,00:00,337998
hummusqa,The piano introduction features a typical accompaniment style from a specific country. Which country is it?,mcq,Cuba,"[""Brazil"", ""Argentina"", ""Venezuela""]",q40_457120.mp3,music,Genre and Style,Historical and Cultural Context;Instrumentation;Metre and Rhythm,Medium,Dazie Mae,01:00,http://creativecommons.org/licenses/by-nc-nd/3.0/,Sofa,00:00,457120
hummusqa,The guitar is a typical accompaniment from a specific country. Which country is it?,mcq,Brazil,"[""Cuba"", ""Argentina"", ""Venezuela""]",q41_457120.mp3,music,Instrumentation,Historical and Cultural Context;Genre and Style,Medium,Dazie Mae,01:00,http://creativecommons.org/licenses/by-nc-nd/3.0/,Sofa,00:00,457120
hummusqa,What is the singer pursuing with her tone?,mcq,Sensuality,"[""Power"", ""Loudness"", ""Detachment""]",q42_457120.mp3,music,Mood and Expression,Performance;Sound Texture,Low,Dazie Mae,01:00,http://creativecommons.org/licenses/by-nc-nd/3.0/,Sofa,00:00,457120
hummusqa,How would you define the harmonic rhythm of this tune?,mcq,Steady,"[""unstable"", ""hemiolic"", ""chaotic""]",q43_1235672.mp3,music,Harmony,Metre and Rhythm,Medium,Matty,01:20,http://creativecommons.org/licenses/by-nd/3.0/,First Time,00:20,1235672
hummusqa,How could you call the section after the second verse?,mcq,C section or bridge,"[""Verse"", ""Chorus"", ""Outro""]",q44_1235672.mp3,music,Structure,nan,Medium,Matty,02:50,http://creativecommons.org/licenses/by-nd/3.0/,First Time,01:50,1235672
hummusqa,In what decade could this song be created?,mcq,2010,"[""1990"", ""1980"", ""1970""]",q45_1235672.mp3,music,Historical and Cultural Context,Genre and Style;Sound Texture;Performance;Instrumentation,Low,Matty,02:00,http://creativecommons.org/licenses/by-nd/3.0/,First Time,01:00,1235672
hummusqa,What level of musicianship is required for a synth bass player to perform this song?,mcq,Beginner,"[""Advanced"", ""Expert"", ""Professional""]",q46_510027.mp3,music,Performance,Instrumentation,Medium,Jemex,01:00,http://creativecommons.org/licenses/by-sa/3.0/,Dance Till Day,00:00,510027
hummusqa,What is the intention behind adding new voices in the last section?,mcq,Increase energy,"[""Decrease the energy"", ""Maintain the same energy level"", ""Introduce new energy""]",q47_510027.mp3,music,Musical Texture,Mood and Expression;Structure;Instrumentation,Low,Jemex,03:41,http://creativecommons.org/licenses/by-sa/3.0/,Dance Till Day,02:41,510027
hummusqa,Does this song have a differentiated chorus section?,mcq,"No, it is very similar to the verse","[""Yes, it is different from the verse"", ""Yes, but it is more of a C section"", ""No, it is exactly the same as the verse""]",q48_510027.mp3,music,Structure,nan,Medium,Jemex,01:56,http://creativecommons.org/licenses/by-sa/3.0/,Dance Till Day,01:10,510027
hummusqa,What is the most obvious digital music techniques used in this tune?,mcq,Vocal sampling techniques,"[""Arpeggiating"", ""pitch blending"", ""resynthesizing""]",q49_1149194.mp3,music,Sound Texture,Instrumentation,Low,The.madpix.project,01:00,http://creativecommons.org/licenses/by-nc-sa/3.0/,Fragment (Radio Edit),00:00,1149194
hummusqa,Where would you imagine this song being played?,mcq,In a night club,"[""At a children's party"", ""During a romantic dinner"", ""After exercising""]",q50_1149194.mp3,music,Functional Context,Mood and Expression;Genre and Style,Low,The.madpix.project,01:00,http://creativecommons.org/licenses/by-nc-sa/3.0/,Fragment (Radio Edit),00:00,1149194
hummusqa,What would you expect a professional jazz musician to say about this tune?,mcq,It is very monotonous,"[""It would be great to play a cover of it."", ""I would like to sing it."", ""It would be the first song I would listen to after a gig.""]",q51_1149194.mp3,music,Mood and Expression,Melody;Musical Texture;Structure,Low,The.madpix.project,01:00,http://creativecommons.org/licenses/by-nc-sa/3.0/,Fragment (Radio Edit),00:00,1149194
hummusqa,How would you describe the electric guitar motif?,mcq,repetitive,"[""varied"", ""diverse"", ""unstable""]",q52_1107251.mp3,music,Melody,Instrumentation,Low,Jonay,01:00,http://creativecommons.org/licenses/by-nc-sa/3.0/,On The Beach,00:00,1107251
hummusqa,Does this tune explore any themes other than love?,mcq,No,"[""Yes, it talks about professional life."", ""It depends on the listener's age."", ""Yes, it talks about aspirations.""]",q53_1107251.mp3,music,Lyrics,Mood and Expression,Low,Jonay,01:30,http://creativecommons.org/licenses/by-nc-sa/3.0/,On The Beach,00:30,1107251
hummusqa,What level of humor does this song display?,mcq,It is a serious tune,"[""It has some humor"", ""It has a lot of humor"", ""It is serious, but it has some hilarious parts""]",q54_1107251.mp3,music,Mood and Expression,nan,Low,Jonay,01:30,http://creativecommons.org/licenses/by-nc-sa/3.0/,On The Beach,00:30,1107251
hummusqa,What is the harmonic interval between the voices in the first two notes of the verse?,mcq,4th,"[""5th"", ""octave"", ""6th""]",q55_189585.mp3,music,Harmony,Melody;Musical Texture,High,Triplexity,02:30,http://creativecommons.org/licenses/by-nc-nd/3.0/,Triplexity - Lise (with LucB),01:30,189585
hummusqa,What harmonic technique is used during the chorus?,mcq,Secondary dominants,"[""slash chords"", ""Polytonality"", ""Atonality""]",q56_189585.mp3,music,Harmony,Structure,High,Triplexity,03:00,http://creativecommons.org/licenses/by-nc-nd/3.0/,Triplexity - Lise (with LucB),02:12,189585
hummusqa,Which guitar comping style can we here in the tune?,mcq,bossa nova,"[""manouche guitar"", ""flamenco guitar"", ""hard bop""]",q57_189585.mp3,music,Genre and Style,Instrumentation;Performance;Historical and Cultural Context,Low,Triplexity,04:00,http://creativecommons.org/licenses/by-nc-nd/3.0/,Triplexity - Lise (with LucB),03:00,189585
hummusqa,Which country does this tune remind you of?,mcq,Brazil,"[""Uruguay"", ""Colombia"", ""Cuba""]",q58_170946.mp3,music,Historical and Cultural Context,Genre and Style,Low,Luc Bartoli,03:00,http://creativecommons.org/licenses/by-nc-sa/3.0/,01-Manila,02:00,170946
hummusqa,What effect do the brushes have on the song?,mcq,More intimacy,"[""More precision in rhythm"", ""Less precision"", ""Less intimacy""]",q59_170946.mp3,music,Sound Texture,Mood and Expression;Performance;Instrumentation,Low,Luc Bartoli,03:00,http://creativecommons.org/licenses/by-nc-sa/3.0/,01-Manila,02:00,170946
hummusqa,Which instrumentalist do you think is the leader of the band?,mcq,pianist,"[""bassist"", ""saxophonist"", ""drummer""]",q60_170946.mp3,music,Instrumentation,Performance,Low,Luc Bartoli,04:00,http://creativecommons.org/licenses/by-nc-sa/3.0/,01-Manila,03:15,170946
hummusqa,What music genre does the introduction remind you of?,mcq,Bolero,"[""copla"", ""bossa nova"", ""tumbao""]",q61_1278743.mp3,music,Genre and Style,nan,Medium,The.madpix.project,01:00,http://creativecommons.org/licenses/by-nc-sa/3.0/,Dont Beg,00:00,1278743
hummusqa,How much fusion between genres and countries is there in this song?,mcq,high,"[""intermediate"", ""low"", ""no fusion""]",q62_1278743.mp3,music,Genre and Style,Historical and Cultural Context,Low,The.madpix.project,01:00,http://creativecommons.org/licenses/by-nc-sa/3.0/,Dont Beg,00:00,1278743
hummusqa,What effect introduces the kick in the song?,mcq,It creates an electronic vive,"[""It creates a rock vibe"", ""It changes the time signature"", ""It masks the congo rhythm""]",q63_1278743.mp3,music,Sound Texture,Metre and Rhythm;Genre and Style,Low,The.madpix.project,01:00,http://creativecommons.org/licenses/by-nc-sa/3.0/,Dont Beg,00:00,1278743
hummusqa,What surprises you about the harmony in this song?,mcq,It has many second dominants,"[""It uses chords with tensions"", ""It uses polychords"", ""Nothing is surprising""]",q64_261271.mp3,music,Harmony,nan,High,Dazie Mae,01:00,http://creativecommons.org/licenses/by-nc-nd/3.0/,Misbehaved,00:00,261271
hummusqa,Which music genre does the introduction remind you of?,mcq,Ragtime,"[""bebop"", ""hard bop"", ""gypsy jazz""]",q65_261271.mp3,music,Genre and Style,nan,Low,Dazie Mae,01:00,http://creativecommons.org/licenses/by-nc-nd/3.0/,Misbehaved,00:00,261271
hummusqa,What could this music be used for?,mcq,A movie,"[""A funeral"", ""A soundscape installation"", ""During an English test""]",q66_261271.mp3,music,Functional Context,Mood and Expression,Low,Dazie Mae,01:00,http://creativecommons.org/licenses/by-nc-nd/3.0/,Misbehaved,00:00,261271
hummusqa,What are your thoughts on the piano bass voice of the outro?,mcq,It creates an old-fashioned feeling,"[""It is elaborated"", ""It sounds perfectly consonant"", ""It is too low in pitch""]",q67_1051201.mp3,music,Mood and Expression,Instrumentation;Sound Texture;Musical Texture,Low,Jill Zimmerman,04:23,http://creativecommons.org/licenses/by-nc-sa/3.0/,Show Me,03:23,1051201
hummusqa,What feeling does the music aim to create?,mcq,melancholy,"[""excitement"", ""joy"", ""power""]",q68_1051201.mp3,music,Mood and Expression,nan,Low,Jill Zimmerman,01:00,http://creativecommons.org/licenses/by-nc-sa/3.0/,Show Me,00:00,1051201
hummusqa,What level of musicianship do the instrumentalists display in this song?,mcq,beginner,"[""advanced"", ""professional"", ""expert""]",q69_1051201.mp3,music,Performance,nan,Low,Jill Zimmerman,01:00,http://creativecommons.org/licenses/by-nc-sa/3.0/,Show Me,00:00,1051201
hummusqa,What stands out when you listen the beginning of this song?,mcq,The poor rhythm skills of some musicians,"[""the musicians' good sense of rhythm"", ""the song's great originality"", ""the harmonic progression""]",q70_1247308.mp3,music,Metre and Rhythm,Performance,Low,Boom Boom Beckett,01:00,http://creativecommons.org/licenses/by-nc/3.0/,To Be a Master P.,00:00,1247308
hummusqa,What harmonic interval does the electric guitar use during its solo?,mcq,8va,"[""5th"", ""3rd"", ""6th""]",q71_1247308.mp3,music,Harmony,Melody;Instrumentation,Medium,Boom Boom Beckett,02:30,http://creativecommons.org/licenses/by-nc/3.0/,To Be a Master P.,01:30,1247308
hummusqa,What is the longest section of the tune?,mcq,Solos,"[""Verse"", ""Chorus"", ""Introduction""]",q72_1247308.mp3,music,Structure,Performance,Medium,Boom Boom Beckett,03:20,http://creativecommons.org/licenses/by-nc/3.0/,To Be a Master P.,02:00,1247308
hummusqa,Which instrument plays the lead sounds in the intro?,mcq,Synth,"[""Guitar"", ""Piano"", ""Bass""]",q73_26738.mp3,music,Instrumentation,Sound Texture,Low,Tryad,01:00,http://creativecommons.org/licenses/by-sa/2.5/,Alone,00:00,26738
hummusqa,What type of synths are firstly introduced in the intro?,mcq,Sequenced,"[""Pads"", ""Pluck"", ""Lead""]",q74_26738.mp3,music,Instrumentation,Sound Texture,Medium,Tryad,01:00,http://creativecommons.org/licenses/by-sa/2.5/,Alone,00:00,26738
hummusqa,What type of choral music does the intro remind you of?,mcq,Gregorian chant,"[""Gospel"", ""Contemporary choirs"", ""Vocal Jazz""]",q75_26738.mp3,music,Genre and Style,Historical and Cultural Context,Low,Tryad,01:00,http://creativecommons.org/licenses/by-sa/2.5/,Alone,00:00,26738
hummusqa,Which guitar technique is used at the beginning of the song?,mcq,Riff,"[""Walking bass"", ""Tremolo picking"", ""Banjo roll""]",q76_1087890.mp3,music,Performance,Instrumentation,Low,Ralf G.,01:00,http://creativecommons.org/licenses/by-nc-sa/3.0/,Shine,00:00,1087890
hummusqa,What kind of instruments are used during the song?,mcq,Digital electronic,"[""Acoustic"", ""Analog acoustic"", ""Brass instruments""]",q77_1087890.mp3,music,Instrumentation,Sound Texture,Low,Ralf G.,02:00,http://creativecommons.org/licenses/by-nc-sa/3.0/,Shine,00:30,1087890
hummusqa,What is the predominant tempo of the song?,mcq,136bpm,"[""180bpm"", ""90bpm"", ""100bpm""]",q78_1087890.mp3,music,Metre and Rhythm,nan,Medium,Ralf G.,02:00,http://creativecommons.org/licenses/by-nc-sa/3.0/,Shine,00:30,1087890
hummusqa,What kind of string instrument is heard at the beginning?,mcq,Banjo,"[""Electric guitar"", ""Jarana"", ""Ukulele""]",q79_467850.mp3,music,Instrumentation,Sound Texture,Low,Millionaire Blonde,01:00,http://creativecommons.org/licenses/by-nc-sa/3.0/,Analcolico,00:00,467850
hummusqa,What genre does the song evoke?,mcq,Latin music,"[""Rock"", ""Flamenco"", ""Funk""]",q80_467850.mp3,music,Genre and Style,nan,Low,Millionaire Blonde,02:00,http://creativecommons.org/licenses/by-nc-sa/3.0/,Analcolico,00:30,467850
hummusqa,Which continent does the rhythm of the song remind you of?,mcq,South America,"[""Europe"", ""Africa"", ""Asia""]",q81_467850.mp3,music,Metre and Rhythm,Genre and Style;Historical and Cultural Context,Low,Millionaire Blonde,02:00,http://creativecommons.org/licenses/by-nc-sa/3.0/,Analcolico,00:30,467850
hummusqa,What is the tempo of the intro?,mcq,Adagio,"[""Andante"", ""Allegro"", ""Moderato""]",q82_875005.mp3,music,Metre and Rhythm,Performance;Structure,Medium,This Public Life,00:35,http://creativecommons.org/licenses/by-sa/3.0/,look up,00:00,875005
hummusqa,How many chords are played in the intro?,mcq,2,"[""1"", ""3"", ""4""]",q83_875005.mp3,music,Harmony,Structure,Medium,This Public Life,00:40,http://creativecommons.org/licenses/by-sa/3.0/,look up,00:00,875005
hummusqa,What kind of chord does the guitar play right at the beginning of the song?,mcq,Major 7,"[""Minor"", ""Dominant 7"", ""Major 7#4""]",q84_875005.mp3,music,Harmony,Instrumentation,High,This Public Life,00:30,http://creativecommons.org/licenses/by-sa/3.0/,look up,00:00,875005
hummusqa,What kind of accompaniment does the guitar play?,mcq,Arpeggios,"[""Counterpoints"", ""Riffs"", ""Broken chords""]",q85_1215807.mp3,music,Musical Texture,Harmony;Instrumentation,Medium,Manhat10,00:30,http://creativecommons.org/licenses/by/3.0/,Fine,00:00,1215807
hummusqa,What human sound does the lead instrument resemble in the introduction?,mcq,Whistle,"[""Vibrato"", ""Scat"", ""Falsetto""]",q86_1215807.mp3,music,Sound Texture,Instrumentation,Low,Manhat10,00:30,http://creativecommons.org/licenses/by/3.0/,Fine,00:00,1215807
hummusqa,Which instrument creates a mood of excitement in the song?,mcq,Digital Pads,"[""Drums"", ""Electric guitar"", ""Piano""]",q87_1215807.mp3,music,Instrumentation,Mood and Expression,Medium,Manhat10,02:00,http://creativecommons.org/licenses/by/3.0/,Fine,00:30,1215807
hummusqa,What kind of chord does the guitar play right at the beginning of the song?,mcq,Minor,"[""Augmented"", ""Major"", ""Block chord""]",q88_306166.mp3,music,Harmony,Instrumentation,Low,Stephane TV,00:30,http://creativecommons.org/licenses/by-nc-sa/3.0/,See The Ghosts,00:00,306166
hummusqa,Which is the first interval sung by the lead voice?,mcq,perfect 5th,"[""minor 2nd"", ""unison"", ""major 2nd""]",q89_306166.mp3,music,Melody,nan,Medium,Stephane TV,00:30,http://creativecommons.org/licenses/by-nc-sa/3.0/,See The Ghosts,00:00,306166
hummusqa,How does the drummer create anticipation for the final verse?,mcq,Toms and snare fill,"[""Cymbal fill"", ""Hi Hat fill"", ""Kick drum fill""]",q90_306166.mp3,music,Performance,Metre and Rhythm;Instrumentation,Medium,Stephane TV,03:00,http://creativecommons.org/licenses/by-nc-sa/3.0/,See The Ghosts,02:28,306166
hummusqa,Which country does the song evoke?,mcq,Spain,"[""Mexico"", ""Russia"", ""United Kingdom""]",q91_8559.mp3,music,Historical and Cultural Context,Genre and Style;Instrumentation;Mood and Expression,Low,Manu Cornet,01:30,http://creativecommons.org/licenses/by-nc-sa/2.5/,Silk Road,00:00,8559
hummusqa,Which guitar instrumental technique is used in the song?,mcq,Flamenco Strum,"[""Pull Off"", ""Slide"", ""Palm Mute""]",q92_8559.mp3,music,Performance,Instrumentation;Genre and Style,Low,Manu Cornet,01:30,http://creativecommons.org/licenses/by-nc-sa/2.5/,Silk Road,00:00,8559
hummusqa,What kind of bass is used in the song?,mcq,Double Bass,"[""Acoustic Bass"", ""Electric Bass"", ""Baby Bass""]",q93_8559.mp3,music,Instrumentation,nan,Medium,Manu Cornet,01:30,http://creativecommons.org/licenses/by-nc-sa/2.5/,Silk Road,00:00,8559
hummusqa,What kinds of string instruments are used in the intro?,mcq,Digital Synth Strings,"[""Acoustic Strings"", ""Baroque Strings"", ""Sitar""]",q94_1420928.mp3,music,Instrumentation,Sound Texture,Low,Monkeyman,00:30,http://creativecommons.org/licenses/by/3.0/,Free forever - James Stefano,00:00,1420928
hummusqa,What emotions does the song create?,mcq,Joyful,"[""Dreamy"", ""Amusing"", ""Sad""]",q95_1420928.mp3,music,Mood and Expression,nan,Low,Monkeyman,01:30,http://creativecommons.org/licenses/by/3.0/,Free forever - James Stefano,00:00,1420928
hummusqa,How many chords does the song use?,mcq,4,"[""3"", ""2"", ""1""]",q96_1420928.mp3,music,Harmony,nan,Medium,Monkeyman,00:30,http://creativecommons.org/licenses/by/3.0/,Free forever - James Stefano,00:00,1420928
hummusqa,In what style is the acoustic guitar accompanying?,mcq,Flamenco,"[""Pop"", ""Jazz"", ""Soul""]",q97_1319502.mp3,music,Genre and Style,Instrumentation,Low,Niki J Crawford,01:30,http://creativecommons.org/licenses/by-nc-nd/3.0/,Wanna See You,00:00,1319502
hummusqa,What kind of drums are used in the song?,mcq,Digital pads,"[""There is no drums"", ""Acoustic drums"", ""Other type""]",q98_1319502.mp3,music,Instrumentation,Sound Texture,Medium,Niki J Crawford,01:30,http://creativecommons.org/licenses/by-nc-nd/3.0/,Wanna See You,00:00,1319502
hummusqa,Which country do you imagine this song is from?,mcq,USA,"[""United Kingdom"", ""France"", ""Russia""]",q99_1319502.mp3,music,Historical and Cultural Context,Genre and Style,Low,Niki J Crawford,2:00,http://creativecommons.org/licenses/by-nc-nd/3.0/,Wanna See You,00:30,1319502
hummusqa,Which instrument plays the lead sound in the introduction?,mcq,Muted trombone,"[""Trumpet"", ""Tuba"", ""Saxophone""]",q100_1247352.mp3,music,Instrumentation,Sound Texture,High,Boom Boom Beckett,00:30,http://creativecommons.org/licenses/by-nc/3.0/,Talk Samba (Parliamo un pò),00:00,1247352
hummusqa,Which interval is played in the first two notes of the trombone?,mcq,8a,"[""Major 5th"", ""4th"", ""9th""]",q101_1247352.mp3,music,Melody,Instrumentation,High,Boom Boom Beckett,00:30,http://creativecommons.org/licenses/by-nc/3.0/,Talk Samba (Parliamo un pò),00:00,1247352
hummusqa,What kind of saxophone plays the solo?,mcq,Tenor Sax,"[""Alto Sax"", ""Soprano Sax"", ""Baritone Sax""]",q102_1247352.mp3,music,Instrumentation,Sound Texture,Medium,Boom Boom Beckett,04:00,http://creativecommons.org/licenses/by-nc/3.0/,Talk Samba (Parliamo un pò),03:00,1247352
hummusqa,What is the time signature of the tune?,mcq,2/2,"[""3/4"", ""6/8"", ""3/8""]",q103_625206.mp3,music,Metre and Rhythm,nan,Medium,Arnaud Martin Jazabana,01:30,http://creativecommons.org/licenses/by-nc-nd/3.0/,Autopista,00:00,625206
hummusqa,What kind of bass is used in the song?,mcq,Electric bass,"[""upright bass"", ""baby bass"", ""acoustic bass guitar""]",q104_625206.mp3,music,Instrumentation,Sound Texture,Medium,Arnaud Martin Jazabana,01:30,http://creativecommons.org/licenses/by-nc-nd/3.0/,Autopista,00:00,625206
hummusqa,What part of the drums is used to set the beat in the intro?,mcq,Hi hats,"[""Ride cymbal"", ""Snare drum"", ""Kick drum""]",q105_625206.mp3,music,Instrumentation,Metre and Rhythm,Medium,Arnaud Martin Jazabana,00:40,http://creativecommons.org/licenses/by-nc-nd/3.0/,Autopista,00:10,625206
hummusqa,What kind of jazz ensemble plays the song?,mcq,Trio,"[""Quartet"", ""Quintet"", ""Duo""]",q106_395289.mp3,music,Instrumentation,Genre and Style,Low,Paolo Pavan,02:00,http://creativecommons.org/licenses/by-nc-sa/3.0/,In praise of Honey Rose,00:30,395289
hummusqa,What kind of rhythm is used by the bass line in the intro?,mcq,Syncopation,"[""Polyrhythm"", ""Walking"", ""Straight eighths""]",q107_2083.mp3,music,Metre and Rhythm,Instrumentation,Medium,Manuzik,01:27,http://creativecommons.org/licenses/by-nc-sa/2.5/,TripToJazz,00:00,2083
hummusqa,What style of jazz would you say this tune is?,mcq,Lounge,"[""Lo Fi"", ""Bebop"", ""Swing""]",q108_2083.mp3,music,Genre and Style,Mood and Expression,Low,Manuzik,02:00,http://creativecommons.org/licenses/by-nc-sa/2.5/,TripToJazz,00:30,2083
hummusqa,Which instrument predominates in the solos?,mcq,Upright bass,"[""Voice"", ""Synths"", ""Drums""]",q109_2083.mp3,music,Instrumentation,Performance,Low,Manuzik,03:29,http://creativecommons.org/licenses/by-nc-sa/2.5/,TripToJazz,02:00,2083
hummusqa,Which piano technique is used during this part of the song?,mcq,Broken chords,"[""Block chords"", ""Power chords"", ""Counterpoint""]",q110_1336202.mp3,music,Performance,Musical Texture;Instrumentation,Medium,Grégoire Lourme,02:50,http://creativecommons.org/licenses/by-nc-nd/3.0/,Letters Home,01:27,1336202
hummusqa,What could this music be used for?,mcq,Soundtrack,"[""Jazz Club"", ""Party music"", ""Funeral""]",q111_1336202.mp3,music,Functional Context,Genre and Style,Low,Grégoire Lourme,02:00,http://creativecommons.org/licenses/by-nc-nd/3.0/,Letters Home,00:30,1336202
hummusqa,Which instrument is used to create contrast?,mcq,Cello,"[""Violin"", ""Bass"", ""Viola""]",q112_1336202.mp3,music,Instrumentation,nan,Medium,Grégoire Lourme,03:30,http://creativecommons.org/licenses/by-nc-nd/3.0/,Letters Home,02:30,1336202
hummusqa,Which country do you think the music is from?,mcq,Jamaica,"[""France"", ""India"", ""Mexico""]",q113_1327741.mp3,music,Historical and Cultural Context,Genre and Style,Low,diego Noar,02:00,http://creativecommons.org/licenses/by-nc-sa/3.0/,Pra_Onde_e_Que_eu_Vou_,00:30,1327741
hummusqa,What kind of scale is used in the guitar motif?,mcq,E minor,"[""Eb minor pentatonic"", ""Eb Major"", ""E-flat minor blues""]",q114_1327741.mp3,music,Melody,nan,High,diego Noar,02:00,http://creativecommons.org/licenses/by-nc-sa/3.0/,Pra_Onde_e_Que_eu_Vou_,01:30,1327741
hummusqa,Which piano technique predominantly is used during the accompaniment?,mcq,Rhythmic Arpeggios,"[""Counterpoint"", ""Block chords"", ""Rhythm comping""]",q115_1327741.mp3,music,Musical Texture,Performance;Instrumentation,Medium,diego Noar,02:00,http://creativecommons.org/licenses/by-nc-sa/3.0/,Pra_Onde_e_Que_eu_Vou_,00:30,1327741
hummusqa,What type of harmonic progression predominates in the song?,mcq,ii-V-I,"[""ii-V-iv"", ""I-IV-V"", ""I-iii-ii""]",q116_1162034.mp3,music,Harmony,nan,High,Giorgio Ghiglieri,01:00,http://creativecommons.org/licenses/by-nc-nd/3.0/,"My name is Nova, Bossa Nova",00:00,1162034
hummusqa,There is a motif that is constantly repeated throughout the solo. Do you know which one?,mcq,B4-D5-G4-B4-E4-G4,"[""B4-A4-G4-B4-C5"", ""A4-F#4-G4-B4-C5"", ""G4-A4-B4-A4-G4""]",q117_1162034.mp3,music,Melody,Structure,High,Giorgio Ghiglieri,01:00,http://creativecommons.org/licenses/by-nc-nd/3.0/,"My name is Nova, Bossa Nova",00:00,1162034
hummusqa,What kind of jazz ensemble plays the song?,mcq,Quartet,"[""Trio"", ""Quintet"", ""Duo""]",q118_1162034.mp3,music,Instrumentation,Genre and Style,Low,Giorgio Ghiglieri,01:00,http://creativecommons.org/licenses/by-nc-nd/3.0/,"My name is Nova, Bossa Nova",00:00,1162034
hummusqa,What impression does the singer aim to create with her singing style?,mcq,naturality,"[""complicated arrangements"", ""elaborate harmonies"", ""complicated vocal effects""]",q119_1227239.mp3,music,Mood and Expression,Performance,Low,Devon Elizabeth,01:00,http://creativecommons.org/licenses/by/3.0/,Wasted,00:00,1227239
hummusqa,There is a chord that is out of key. Do you know which one?,mcq,Second chord of the chorus,"[""First chord of the verse"", ""First chord of the chorus"", ""First chord of part C""]",q120_1227239.mp3,music,Harmony,Structure,Medium,Devon Elizabeth,02:00,http://creativecommons.org/licenses/by/3.0/,Wasted,01:00,1227239
hummusqa,Which instrument stands out at the front of the mix?,mcq,Vocals,"[""Drums"", ""Organ"", ""Bass""]",q121_1227239.mp3,music,Instrumentation,Sound Texture,Low,Devon Elizabeth,01:00,http://creativecommons.org/licenses/by/3.0/,Wasted,00:00,1227239
hummusqa,What is the main part of this song?,mcq,the solos,"[""the verse"", ""the chorus"", ""the intro""]",q122_114772.mp3,music,Structure,Performance,Medium,Paolo Pavan,02:00,http://creativecommons.org/licenses/by-nc-sa/3.0/,02 - Urban Slanging,01:00,114772
hummusqa,How would you describe the comping style of the double bass?,mcq,walking bass,"[""chromatic passing notes"", ""chromatic chords"", ""harmonized melody""]",q123_114772.mp3,music,Harmony,Metre and Rhythm;Instrumentation;Musical Texture;Performance,Medium,Paolo Pavan,02:00,http://creativecommons.org/licenses/by-nc-sa/3.0/,02 - Urban Slanging,01:00,114772
hummusqa,What effect does the piano aim to create when playing the pedal point?,mcq,tension,"[""consonance"", ""stability"", ""release""]",q124_114772.mp3,music,Musical Texture,Harmony;Mood and Expression,Low,Paolo Pavan,03:00,http://creativecommons.org/licenses/by-nc-sa/3.0/,02 - Urban Slanging,02:00,114772
hummusqa,What is the main purpose of this song?,mcq,to make people dance,"[""to create interesting melodies"", ""to mix different music styles"", ""to create a song for an advertisement""]",q125_187621.mp3,music,Functional Context,Mood and Expression;Genre and Style,Low,Chewbaska,01:40,http://creativecommons.org/licenses/by-nc-nd/3.0/,La ultima suerte,00:40,187621
hummusqa,What emotion is mainly conveyed in this song?,mcq,joy,"[""sadness"", ""anger"", ""disgust""]",q126_187621.mp3,music,Mood and Expression,nan,Low,Chewbaska,02:00,http://creativecommons.org/licenses/by-nc-nd/3.0/,La ultima suerte,01:00,187621
hummusqa,Which instrumental section give this tune its unique sound?,mcq,brass section,"[""string section"", ""digital synths section"", ""vocals""]",q127_187621.mp3,music,Instrumentation,Sound Texture,Low,Chewbaska,02:00,http://creativecommons.org/licenses/by-nc-nd/3.0/,La ultima suerte,01:00,187621
hummusqa,Why would you say this is a rumba?,mcq,because of the rhythm of the background guitar,"[""because of the chords"", ""because of the instruments"", ""because people are clapping""]",q128_332470.mp3,music,Metre and Rhythm,Genre and Style,Medium,El Perez,02:00,http://creativecommons.org/licenses/by/2.5/es/,Rumba Alemana,01:00,332470
hummusqa,Which country do you think this music is from?,mcq,Spain,"[""Cuba"", ""Mexico"", ""Colombia""]",q129_332470.mp3,music,Historical and Cultural Context,Genre and Style;Instrumentation,Low,El Perez,01:00,http://creativecommons.org/licenses/by/2.5/es/,Rumba Alemana,00:00,332470
hummusqa,What intervals create dissonance in the background guitar?,mcq,4ths,"[""fifths"", ""octaves"", ""Unison""]",q130_332470.mp3,music,Melody,Harmony,Medium,El Perez,02:00,http://creativecommons.org/licenses/by/2.5/es/,Rumba Alemana,01:00,332470
hummusqa,What technique does this introduction aim to recreate?,mcq,Sampling,"[""synthesizing sound"", ""tape machine"", ""sound generators""]",q131_182074.mp3,music,Sound Texture,nan,Low,Revolution Void,01:00,http://creativecommons.org/licenses/by-nc-nd/3.0/,Scattered Knowledge,00:00,182074
hummusqa,What gives the drums their unique house jazz sound?,mcq,Ride,"[""snare"", ""kick"", ""hi-hat""]",q132_182074.mp3,music,Instrumentation,Sound Texture;Performance;Genre and Style,Medium,Revolution Void,01:00,http://creativecommons.org/licenses/by-nc-nd/3.0/,Scattered Knowledge,00:00,182074
hummusqa,"What might be a reason this song is called ""Scattered Knowledge""?",mcq,because there are many audio sample scattered throughout the song,"[""Because the melody sounds scattered"", ""because of the drums"", ""because of the bass""]",q133_182074.mp3,music,Sound Texture,Instrumentation;Structure,Low,Revolution Void,01:00,http://creativecommons.org/licenses/by-nc-nd/3.0/,Scattered Knowledge,00:00,182074
hummusqa,What rhythmic pattern is used by the percussion throughout the entire song?,mcq,3+3+2,"[""3+3+3"", ""3+2+3"", ""4+4+2""]",q134_172015.mp3,music,Metre and Rhythm,Instrumentation,High,Jonay,01:30,http://creativecommons.org/licenses/by/2.5/se/,Bad As Jonay,00:00,172015
hummusqa,Which region of the world do you think the rhythm is from?,mcq,Arab world,"[""South American"", ""East European"", ""Mediterranean""]",q135_172015.mp3,music,Metre and Rhythm,Historical and Cultural Context;Genre and Style,Low,Jonay,01:30,http://creativecommons.org/licenses/by/2.5/se/,Bad As Jonay,00:00,172015
hummusqa,What kind of accompaniment instruments are used in the song?,mcq,Digital Synths,"[""Acoustic strings"", ""Acoustic pianos"", ""Electric guitar""]",q136_172015.mp3,music,Instrumentation,Sound Texture,Low,Jonay,01:30,http://creativecommons.org/licenses/by/2.5/se/,Bad As Jonay,00:00,172015
hummusqa,Where do you think the song could be played?,mcq,Lounge bar,"[""Jazz Club"", ""Concert Hall"", ""Open Air Concert""]",q137_250001.mp3,music,Functional Context,Genre and Style,Low,Bielebny,02:00,http://creativecommons.org/licenses/by-nc-sa/3.0/,SG-nifico,00:30,250001
hummusqa,Which instrument predominates in the solos?,mcq,Vibraphone,"[""Piano"", ""Bass"", ""Voice""]",q138_250001.mp3,music,Instrumentation,Performance,Medium,Bielebny,02:00,http://creativecommons.org/licenses/by-nc-sa/3.0/,SG-nifico,00:30,250001
hummusqa,What type of articulation is used by lead synth in the introduction?,mcq,Legato,"[""Tenuto"", ""Marcato"", ""Pizzicato""]",q139_250001.mp3,music,Performance,Instrumentation;Sound Texture,Medium,Bielebny,02:00,http://creativecommons.org/licenses/by-nc-sa/3.0/,SG-nifico,00:30,250001
hummusqa,Which instrument predominates in the accompaniment?,mcq,Ukulele,"[""Mandolin"", ""Cuatro Venezolano"", ""Electric guitar""]",q140_1138688.mp3,music,Instrumentation,Sound Texture,Medium,Löhstana David,02:00,http://creativecommons.org/licenses/by-sa/3.0/,Ma queue d'écureuil,00:30,1138688
hummusqa,Where is this kind of string instrument mostly used?,mcq,South america,"[""Africa"", ""Europe"", ""Asia""]",q141_1138688.mp3,music,Historical and Cultural Context,Instrumentation,Low,Löhstana David,01:30,http://creativecommons.org/licenses/by-sa/3.0/,Ma queue d'écureuil,00:00,1138688
hummusqa,What kind of emotions does the song evoke?,mcq,Joy,"[""Disgust"", ""Fear"", ""Anger""]",q142_1138688.mp3,music,Mood and Expression,nan,Low,Löhstana David,02:00,http://creativecommons.org/licenses/by-sa/3.0/,Ma queue d'écureuil,00:30,1138688
hummusqa,What is the predominant key in the intro?,mcq,B-flat Major,"[""E-flat Major"", ""C minor"", ""A minor""]",q143_14458.mp3,music,Harmony,Structure;Melody,High,Avec elle,00:30,http://creativecommons.org/licenses/by-nc-sa/2.5/,Lit d'îles,00:00,14458
hummusqa,What type of interval is created between the lead voice and the backing vocalist?,mcq,Major intervals,"[""Minor intervals"", ""Diminished intervals"", ""Augmented intervals""]",q144_14458.mp3,music,Melody,Harmony,High,Avec elle,01:00,http://creativecommons.org/licenses/by-nc-sa/2.5/,Lit d'îles,00:30,14458
hummusqa,What instrument is used to introduce the climax of the song?,mcq,Tambourine,"[""Toms"", ""Cymbal"", ""Hi-hats""]",q145_14458.mp3,music,Instrumentation,Structure,Low,Avec elle,04:50,http://creativecommons.org/licenses/by-nc-sa/2.5/,Lit d'îles,04:00,14458
hummusqa,What kind of technique best describes the bass line?,mcq,Repeating Pattern,"[""Root Fifth"", ""Heavy Eighths"", ""Slap""]",q146_179608.mp3,music,Musical Texture,Performance;Metre and Rhythm;Harmony,Low,Sickboys and Lowmen,01:30,http://creativecommons.org/licenses/by-nc-nd/3.0/nl/,The Little Lies,00:00,179608
hummusqa,How are the sustained guitar chords being played in the verse?,mcq,Long duration,"[""Breakdown"", ""Straight"", ""Arpeggiato""]",q147_179608.mp3,music,Performance,Musical Texture,Low,Sickboys and Lowmen,01:30,http://creativecommons.org/licenses/by-nc-nd/3.0/nl/,The Little Lies,00:00,179608
hummusqa,What is the main musical feature of the outro?,mcq,Instrumental,"[""Climax"", ""Voice solo"", ""Guitar solo""]",q148_179608.mp3,music,Instrumentation,Structure;Performance,Low,Sickboys and Lowmen,03:11,http://creativecommons.org/licenses/by-nc-nd/3.0/nl/,The Little Lies,02:40,179608
hummusqa,How many times is the main theme played in the intro?,mcq,2,"[""1"", ""3"", ""7""]",q149_150794.mp3,music,Structure,Melody,Medium,Still Playing Guitar,01:11,http://creativecommons.org/licenses/by-nc-sa/3.0/,Blue in Green,00:00,150794
hummusqa,Which is the main instrument that plays in the song?,mcq,Guitar,"[""Bass"", ""Drums"", ""Piano""]",q150_150794.mp3,music,Instrumentation,nan,Low,Still Playing Guitar,01:30,http://creativecommons.org/licenses/by-nc-sa/3.0/,Blue in Green,00:00,150794
hummusqa,What kind of guitars are playing at the end of the song?,mcq,Acoustic & electric,"[""Electic only"", ""Only acoustic"", ""Bass guitars""]",q151_150794.mp3,music,Instrumentation,Structure,Low,Still Playing Guitar,03:36,http://creativecommons.org/licenses/by-nc-sa/3.0/,Blue in Green,02:30,150794
hummusqa,Where is this type of music usually played?,mcq,Clubs,"[""Bars"", ""Concert halls"", ""Jazz clubs""]",q152_1051378.mp3,music,Functional Context,Performance,Low,Anny Sky,02:00,http://creativecommons.org/licenses/by-nc-sa/3.0/,All Rights Reserved,00:30,1051378
hummusqa,What kind of instruments are used in the song?,mcq,Digital Synths,"[""Acoustic"", ""Strings"", ""Brass""]",q153_1051378.mp3,music,Instrumentation,Sound Texture,Low,Anny Sky,01:30,http://creativecommons.org/licenses/by-nc-sa/3.0/,All Rights Reserved,00:00,1051378
hummusqa,What key is used in the break?,mcq,F major,"[""C major"", ""Bb major"", ""D major""]",q154_1051378.mp3,music,Harmony,Structure,Medium,Anny Sky,02:30,http://creativecommons.org/licenses/by-nc-sa/3.0/,All Rights Reserved,02:00,1051378
hummusqa,What mood do you think the song conveys?,mcq,optimistic,"[""relaxing"", ""epic"", ""boring""]",q155_1199044.mp3,music,Mood and Expression,Performance;Lyrics,Low,Safar Mirzoev,01:00,http://creativecommons.org/licenses/by-nd/3.0/,Feel Free,00:00,1199044
hummusqa,How would you describe the sound of the snare?,mcq,muddy,"[""clean"", ""focused"", ""boring""]",q156_1199044.mp3,music,Sound Texture,Instrumentation;Performance,Medium,Safar Mirzoev,01:00,http://creativecommons.org/licenses/by-nd/3.0/,Feel Free,00:00,1199044
hummusqa,What instrument adds syncopation to the verse?,mcq,piano,"[""guitar"", ""bass"", ""saxophone""]",q157_1199044.mp3,music,Metre and Rhythm,Instrumentation,Medium,Safar Mirzoev,01:35,http://creativecommons.org/licenses/by-nd/3.0/,Feel Free,00:35,1199044
hummusqa,What musical style do the arpeggios remind you of?,mcq,Impressionism,"[""Classicism"", ""Contemporary academic music"", ""Baroque""]",q158_14014.mp3,music,Genre and Style,Musical Texture;Harmony,Medium,Galdson,01:20,http://creativecommons.org/licenses/by-nc-nd/2.5/,Old times,00:20,14014
hummusqa,What can you say about the harmony?,mcq,It's tonal harmony without dissonances,"[""It's tonal harmony with quite a lot of dissonances"", ""It's modal harmony"", ""It's polytonal""]",q159_14014.mp3,music,Harmony,nan,Medium,Galdson,01:20,http://creativecommons.org/licenses/by-nc-nd/2.5/,Old times,00:20,14014
hummusqa,What can you say about the bass notes?,mcq,It describes a melodic line,"[""It does not describe a melodic line"", ""It always plays the tonic or the dominant"", ""It plays random notes""]",q160_14014.mp3,music,Melody,Musical Texture;Harmony,Medium,Galdson,01:20,http://creativecommons.org/licenses/by-nc-nd/2.5/,Old times,00:20,14014
hummusqa,What would you add to the drums to make them more present?,mcq,A compressor,"[""An equalizer"", ""I would duplicate the track"", ""I would play it in mono""]",q161_1177896.mp3,music,Sound Texture,Performance,High,Michael Ellis,01:00,http://creativecommons.org/licenses/by-nc-sa/3.0/,See Me When I Shine,00:00,1177896
hummusqa,What can you say about the harmonic structure?,mcq,It is similar to a blues with some variations,"[""It is a blues structure"", ""It has a pop structure"", ""It has a rock structure""]",q162_1177896.mp3,music,Harmony,Genre and Style;Structure,Medium,Michael Ellis,01:30,http://creativecommons.org/licenses/by-nc-sa/3.0/,See Me When I Shine,00:30,1177896
hummusqa,Which age group is most likely to listen to this tune?,mcq,>40,"[""30–40"", ""20–30"", ""10–20""]",q163_1177896.mp3,music,Functional Context,Historical and Cultural Context,Low,Michael Ellis,01:30,http://creativecommons.org/licenses/by-nc-sa/3.0/,See Me When I Shine,00:30,1177896
hummusqa,Why can you say the piano is not acoustic?,mcq,It doesn't have decay,"[""The attack is to long"", ""The tuning"", ""The voicing""]",q164_1227240.mp3,music,Sound Texture,Performance;Instrumentation,Medium,Devon Elizabeth,01:20,http://creativecommons.org/licenses/by/3.0/,Loneliest Dream,00:00,1227240
hummusqa,"What notes are sung by the vocals when the lyrics say ""This is the loneliest""?",mcq,C# - E,"[""C# - F"", ""C# - D#"", ""C# - F#""]",q165_1227240.mp3,music,Melody,nan,High,Devon Elizabeth,03:00,http://creativecommons.org/licenses/by/3.0/,Loneliest Dream,02:20,1227240
hummusqa,What mood does the synth create at the end of the song?,mcq,dreamy,"[""happy"", ""optimistic"", ""sad""]",q166_1227240.mp3,music,Mood and Expression,Instrumentation;Sound Texture,Low,Devon Elizabeth,04:00,http://creativecommons.org/licenses/by/3.0/,Loneliest Dream,03:00,1227240
hummusqa,What is the rhythm feeling of the vocals in the chorus?,mcq,swinged,"[""straight"", ""laid back"", ""accelerando""]",q167_7096.mp3,music,Metre and Rhythm,Performance,Medium,adel,01:50,http://creativecommons.org/licenses/by-nc-nd/2.0/fr/,Un type banal,00:50,7096
hummusqa,"Right before the first verse, there are chords that are reminiscent of a particular jazz style. Do you know which one?",mcq,Modal jazz,"[""Be bop"", ""Hard bop"", ""Fusion jazz""]",q168_7096.mp3,music,Genre and Style,Harmony,High,adel,01:00,http://creativecommons.org/licenses/by-nc-nd/2.0/fr/,Un type banal,00:00,7096
hummusqa,The chorus starts with two descending notes in the bass. Can you determine the intervallic movement?,mcq,Chromatic,"[""diatonic"", ""hexatonic"", ""pentatonic""]",q169_7096.mp3,music,Melody,Harmony,Medium,adel,01:50,http://creativecommons.org/licenses/by-nc-nd/2.0/fr/,Un type banal,00:50,7096
hummusqa,There is an harmonic dissonance in the fourth eighth note of the piano introduction. Can you determine the interval?,mcq,major 2,"[""minor 2"", ""major 3rd"", ""minor 3rd""]",q170_1103980.mp3,music,Harmony,Melody,High,Anydoll,01:00,http://creativecommons.org/licenses/by-nc-sa/3.0/,The One I Waited For,00:00,1103980
hummusqa,The chorus suddenly changes the vibe of the song. How does the music create this?,mcq,by modulating to the relative major key,"[""modulating to another key"", ""playing chords with fourths"", ""thinking about something beautiful""]",q171_1103980.mp3,music,Harmony,Mood and Expression;Structure,High,Anydoll,01:45,http://creativecommons.org/licenses/by-nc-sa/3.0/,The One I Waited For,00:45,1103980
hummusqa,What instrument does the piano sound like with the arpeggio texture of the introduction?,mcq,guitar,"[""bass guitar"", ""cello"", ""synthesizer""]",q172_1103980.mp3,music,Instrumentation,Sound Texture;Musical Texture,Low,Anydoll,01:00,http://creativecommons.org/licenses/by-nc-sa/3.0/,The One I Waited For,00:00,1103980
hummusqa,What mode is used in the exposition of the melody?,mcq,Phrygian,"[""Locrian"", ""Hungarian minor"", ""Arabic""]",q173_121123.mp3,music,Melody,Harmony,High,Triplexity,01:00,http://creativecommons.org/licenses/by-nc-nd/3.0/,Lucky Number Seven,00:00,121123
hummusqa,What is the subdivision of the beats in this tune?,mcq,Ternary and binary,"[""Ternary"", ""Binary"", ""Quaternary""]",q174_121123.mp3,music,Metre and Rhythm,nan,Medium,Triplexity,01:00,http://creativecommons.org/licenses/by-nc-nd/3.0/,Lucky Number Seven,00:00,121123
hummusqa,What time signature would you say this is?,mcq,7/8,"[""12/16"", ""5/4"", ""6/8""]",q175_121123.mp3,music,Metre and Rhythm,nan,High,Triplexity,01:00,http://creativecommons.org/licenses/by-nc-nd/3.0/,Lucky Number Seven,00:00,121123
hummusqa,What type of rhythm is used in the guitar introduction?,mcq,shuffle,"[""swing"", ""straight notes"", ""eighth notes""]",q176_1076450.mp3,music,Metre and Rhythm,nan,Medium,Daniel Catarino,01:00,http://creativecommons.org/licenses/by-nc-nd/3.0/,Frontline,00:00,1076450
hummusqa,What instruments seem to duplicate the melody in the beginning of the verse?,mcq,guitar and vocals,"[""guitar and bass"", ""guitar and piano"", ""vocals and piano""]",q177_1076450.mp3,music,Instrumentation,Musical Texture;Melody,Medium,Daniel Catarino,01:00,http://creativecommons.org/licenses/by-nc-nd/3.0/,Frontline,00:00,1076450
hummusqa,"What is the most important word in the vocal melody, taking into account the melodic contour?",mcq,Frontline,"[""Me"", ""meet"", ""you""]",q178_1076450.mp3,music,Melody,Lyrics,Medium,Daniel Catarino,02:00,http://creativecommons.org/licenses/by-nc-nd/3.0/,Frontline,01:00,1076450
hummusqa,When are the electric guitar chords played in the introduction?,mcq,Downbeat and upbeat,"[""Upbeat"", ""Odd beats"", ""Downbeat""]",q179_1407836.mp3,music,Metre and Rhythm,Instrumentation;Structure,Medium,Michael Ellis,01:00,http://creativecommons.org/licenses/by-nc-sa/3.0/,Say Hello,00:00,1407836
hummusqa,Which type of radio station would be more likely to play this tune?,mcq,Commercial radio station,"[""Alternative music radio station"", ""Rock radio station"", ""World music radio station""]",q180_1407836.mp3,music,Functional Context,Genre and Style,Low,Michael Ellis,01:00,http://creativecommons.org/licenses/by-nc-sa/3.0/,Say Hello,00:00,1407836
hummusqa,"If you were a teacher, at which moment of the lesson would you use this song?",mcq,Beginning,"[""End"", ""Middle"", ""All of them""]",q181_1407836.mp3,music,Functional Context,nan,Low,Michael Ellis,01:00,http://creativecommons.org/licenses/by-nc-sa/3.0/,Say Hello,00:00,1407836
hummusqa,What could be the meaning of the lyrics?,mcq,The girl is pregnant,"[""The girl wants to return to the relationship with the singer."", ""The girl is in another unsuccessful relationship."", ""The girl only thinks about another girl""]",q182_357330.mp3,music,Lyrics,Mood and Expression,Low,EL GRAN PROYECTO,02:00,http://creativecommons.org/licenses/by/3.0/,NO ME DIGAS QUE NO - EL GRAN PROYECTO,01:00,357330
hummusqa,What is the rhythm pattern of the bass?,mcq,Cumbia,"[""Salsa"", ""Bossa Nova"", ""Bolero""]",q183_357330.mp3,music,Metre and Rhythm,Genre and Style;Instrumentation,Medium,EL GRAN PROYECTO,01:00,http://creativecommons.org/licenses/by/3.0/,NO ME DIGAS QUE NO - EL GRAN PROYECTO,00:00,357330
hummusqa,How could you interpret this song from a feminist perspective?,mcq,It is expressing jealousy,"[""It would be the same if a girl sang this song."", ""It creates nostalgia, which can actually be good after a relationship."", ""It has a happy mood.""]",q184_357330.mp3,music,Lyrics,Mood and Expression;Historical and Cultural Context,Low,EL GRAN PROYECTO,02:00,http://creativecommons.org/licenses/by/3.0/,NO ME DIGAS QUE NO - EL GRAN PROYECTO,01:00,357330
hummusqa,What harmonic progression can be heard in the introduction?,mcq,ii-V-I over the sixth chord,"[""I-VII-III"", ""I-ii-V"", ""V-ii-I""]",q185_661634.mp3,music,Harmony,Structure,High,JoosTVD,01:00,http://creativecommons.org/licenses/by-nc-sa/3.0/nl/,Left,00:00,661634
hummusqa,Which musical element predominates over the others in this tune?,mcq,Harmony,"[""Rhythm"", ""Timbre"", ""Metric""]",q186_661634.mp3,music,Harmony,Metre and Rhythm;Sound Texture,Medium,JoosTVD,01:00,http://creativecommons.org/licenses/by-nc-sa/3.0/nl/,Left,00:00,661634
hummusqa,How does this tune enhance the tonal harmony?,mcq,secondary dominants,"[""modulation"", ""polyrhythms"", ""polyphony""]",q187_661634.mp3,music,Harmony,nan,High,JoosTVD,01:00,http://creativecommons.org/licenses/by-nc-sa/3.0/nl/,Left,00:00,661634
hummusqa,What brass instruments are played in the intro?,mcq,Trumpets & trombones,"[""Only trumpets"", ""Saxophones and trombones"", ""Saxophones and trumpets""]",q188_312915.mp3,music,Instrumentation,Structure,Medium,Jan y Su Son Latino,00:30,http://creativecommons.org/licenses/by-nc-nd/3.0/,Dueña De Mi Vida,00:00,312915
hummusqa,How are the phrases distributed among the brass section in the intro?,mcq,The first phrase played by two trumpets and responded with other phrase by the trombones in unison,"[""All the brass section plays together"", ""Trumpets play the phrase and it is repeated by trombones"", ""Every voice plays a different phrase""]",q189_312915.mp3,music,Instrumentation,Musical Texture,Medium,Jan y Su Son Latino,00:30,http://creativecommons.org/licenses/by-nc-nd/3.0/,Dueña De Mi Vida,00:00,312915
hummusqa,What region of the world does this type of rhythm usually remind you of?,mcq,Latin America,"[""North America"", ""Africa"", ""Europe""]",q190_312915.mp3,music,Metre and Rhythm,Historical and Cultural Context;Genre and Style,Low,Jan y Su Son Latino,01:00,http://creativecommons.org/licenses/by-nc-nd/3.0/,Dueña De Mi Vida,00:00,312915
hummusqa,What is the main string instrument in the song apart from the ukulele?,mcq,Banjo,"[""Only ukulele"", ""Guitar"", ""Bass""]",q191_1381590.mp3,music,Instrumentation,Sound Texture,Low,Brady Harris,01:30,http://creativecommons.org/licenses/by-nc/3.0/,Save Yer Love For Me,00:00,1381590
hummusqa,How many voices are recorded in the song?,mcq,Two voices singing in unison,"[""Two voices singing in thirds"", ""Only one voice"", ""Three voices singing in unison""]",q192_1381590.mp3,music,Musical Texture,Performance;Instrumentation,Medium,Brady Harris,00:50,http://creativecommons.org/licenses/by-nc/3.0/,Save Yer Love For Me,00:00,1381590
hummusqa,Which percussion instruments are played in the song?,mcq,"Bass drum, shaker & tambourine","[""Bass drum & hi-hats"", ""Full drum set"", ""nan""]",q193_1381590.mp3,music,Instrumentation,Sound Texture,Medium,Brady Harris,02:00,http://creativecommons.org/licenses/by-nc/3.0/,Save Yer Love For Me,00:30,1381590
hummusqa,What kind of guitar technique is used in this song?,mcq,Flamenco technique,"[""Picking"", ""Pull-off technique"", ""String bending""]",q194_1268901.mp3,music,Performance,Instrumentation;Genre and Style,Low,Manuel Díaz R.,02:00,http://creativecommons.org/licenses/by-nc-sa/3.0/,Sketch for Paco in the Rain,00:30,1268901
hummusqa,What mode is used in the song?,mcq,Aeolian,"[""Lydian"", ""Mixolydian"", ""Locrian""]",q195_1268901.mp3,music,Melody,Harmony,High,Manuel Díaz R.,02:00,http://creativecommons.org/licenses/by-nc-sa/3.0/,Sketch for Paco in the Rain,00:30,1268901
hummusqa,What is the first chord played by the guitarist?,mcq,F minor,"[""F major"", ""D minor"", ""G minor""]",q196_1268901.mp3,music,Harmony,Instrumentation,High,Manuel Díaz R.,00:30,http://creativecommons.org/licenses/by-nc-sa/3.0/,Sketch for Paco in the Rain,00:00,1268901
hummusqa,What is the name of the rhythm used by the drums during this period?,mcq,Half time shuffle,"[""Motown groove"", ""Million dollar beat"", ""Four on the floor""]",q197_1078326.mp3,music,Metre and Rhythm,Performance,Medium,Martin Eigenmann,01:20,http://creativecommons.org/licenses/by-sa/3.0/,Lazy Duck,00:00,1078326
hummusqa,Which cymbal does the drummer use in the bridge?,mcq,Ride cymbal,"[""Crash cymbal"", ""Hi-hats"", ""Splash cymbal""]",q198_1078326.mp3,music,Instrumentation,Structure;Performance,Medium,Martin Eigenmann,01:22,http://creativecommons.org/licenses/by-sa/3.0/,Lazy Duck,00:00,1078326
hummusqa,What is the predominant component used by the synth during the solo?,mcq,Glide effect,"[""The modulation wheel"", ""The sustain"", ""The output volume""]",q199_1078326.mp3,music,Sound Texture,Performance;Instrumentation,Medium,Martin Eigenmann,02:25,http://creativecommons.org/licenses/by-sa/3.0/,Lazy Duck,01:43,1078326
hummusqa,What instruments are used in the intro as accompaniment to the voice?,mcq,Synth piano and synth drums,"[""Acoustic piano and acoustic drums"", ""Guitars and drums"", ""Bass and drums""]",q200_1121398.mp3,music,Instrumentation,Sound Texture;Musical Texture,Medium,Marco Margna,00:30,http://creativecommons.org/licenses/by-nc-nd/3.0/,Seven Billion People and You,00:00,1121398
hummusqa,"Hearing the voice, is it a native English speaker singing?",mcq,No,"[""Yes"", ""It is not clear"", ""It could be""]",q201_1121398.mp3,music,Performance,Lyrics,Low,Marco Margna,00:30,http://creativecommons.org/licenses/by-nc-nd/3.0/,Seven Billion People and You,00:00,1121398
hummusqa,What kind of synth effects are used to create more anticipation for the chorus?,mcq,"Reverbs, Phasers and Distortion","[""EQ and Compressors"", ""Tremolo and flangers"", ""Chorus and EQ""]",q202_1121398.mp3,music,Sound Texture,Structure,Medium,Marco Margna,01:30,http://creativecommons.org/licenses/by-nc-nd/3.0/,Seven Billion People and You,00:53,1121398
hummusqa,What is the main pedal effect used in the guitar solo?,mcq,Distortion pedal,"[""Delay Pedal"", ""Chorus Pedal"", ""Phaser Pedal""]",q203_962064.mp3,music,Sound Texture,Instrumentation,Low,Law',03:28,http://creativecommons.org/licenses/by-sa/3.0/,Des espoirs,02:58,962064
hummusqa,What is the scale predominantly used by the singer?,mcq,F# minor pentatonic,"[""F minor"", ""F minor pentatonic"", ""Fm blues""]",q204_962064.mp3,music,Melody,nan,High,Law',01:30,http://creativecommons.org/licenses/by-sa/3.0/,Des espoirs,00:00,962064
hummusqa,What kind of accompaniment is the ukulele using in the intro?,mcq,Arpeggio patterns,"[""Chord patterns"", ""Syncopated patterns"", ""Strumming""]",q205_1221864.mp3,music,Musical Texture,Performance;Instrumentation,Medium,The A.J. Gatz Project,00:30,http://creativecommons.org/licenses/by-nc-nd/3.0/,Draw Me a Picture,00:00,1221864
hummusqa,What chord is the ukulele playing in the intro?,mcq,C6,"[""A diminished"", ""A minor"", ""C7""]",q206_1221864.mp3,music,Harmony,Instrumentation;Structure,High,The A.J. Gatz Project,00:30,http://creativecommons.org/licenses/by-nc-nd/3.0/,Draw Me a Picture,00:00,1221864
hummusqa,What kind of percussion is used for the bass drum?,mcq,Cajon,"[""Acoustic bass tom"", ""Floor tom"", ""Snare drum""]",q207_1221864.mp3,music,Instrumentation,nan,Medium,The A.J. Gatz Project,02:30,http://creativecommons.org/licenses/by-nc-nd/3.0/,Draw Me a Picture,01:00,1221864
hummusqa,What technique does the drummer use on the snare drum to mark the upbeat during the intro?,mcq,Close rim-shot,"[""Open rim-shot"", ""General punch"", ""Overtone rim-shot""]",q208_1374348.mp3,music,Performance,Instrumentation;Metre and Rhythm,High,Christian Petermann,00:30,http://creativecommons.org/licenses/by-nc-sa/3.0/,Adelaine,00:00,1374348
hummusqa,What is the instrumentation of the piece?,mcq,"Synth Piano, Guitar, Bass & Drums","[""Synth Piano, Bass & Drums"", ""Guitar, Bass & Drums"", ""Piano and Drums""]",q209_1374348.mp3,music,Instrumentation,nan,Low,Christian Petermann,02:30,http://creativecommons.org/licenses/by-nc-sa/3.0/,Adelaine,01:00,1374348
hummusqa,What kind of feeling do the acoustic guitar solos in the song produce?,mcq,Calming & relaxing,"[""Dreamy"", ""Energizing"", ""Depressing""]",q210_1374348.mp3,music,Mood and Expression,Instrumentation;Performance,Low,Christian Petermann,02:30,http://creativecommons.org/licenses/by-nc-sa/3.0/,Adelaine,01:00,1374348
hummusqa,What type of drum sticks are being used to accompany the song?,mcq,Drum Brushes,"[""Rods"", ""Mallets"", ""Standard sticks""]",q211_336086.mp3,music,Instrumentation,Performance;Sound Texture,Medium,Still Playing Guitar,02:00,http://creativecommons.org/licenses/by/3.0/,Grünes Land VIIb,00:30,336086
hummusqa,How many guitars are playing during the song?,mcq,2,"[""3"", ""1"", ""nan""]",q212_336086.mp3,music,Instrumentation,nan,Medium,Still Playing Guitar,03:00,http://creativecommons.org/licenses/by/3.0/,Grünes Land VIIb,01:30,336086
hummusqa,What type of guitar is playing the accompaniment?,mcq,Acoustic guitar,"[""Electric guitar"", ""Bass guitar"", ""Flamenco guitar""]",q213_336086.mp3,music,Instrumentation,Sound Texture,Low,Still Playing Guitar,01:00,http://creativecommons.org/licenses/by/3.0/,Grünes Land VIIb,00:00,336086
hummusqa,What genre does the song evoke?,mcq,Songwriting,"[""Country pop"", ""Pop rock"", ""Dance pop""]",q214_1298301.mp3,music,Genre and Style,nan,Low,Nemo Wilson,01:30,http://creativecommons.org/licenses/by-nc-sa/3.0/,A Little More (Acoustic),00:00,1298301
hummusqa,What type of technique is the guitar using during the chorus?,mcq,Slapping,"[""Palm Muting"", ""String bending"", ""Tapping""]",q215_1298301.mp3,music,Performance,Instrumentation,Medium,Nemo Wilson,02:00,http://creativecommons.org/licenses/by-nc-sa/3.0/,A Little More (Acoustic),00:30,1298301
hummusqa,What musical technique is used by the guitar accompaniment to emphasize rhythm in the chorus?,mcq,Back beat,"[""On beat"", ""Cross beat"", ""Down beat""]",q216_1298301.mp3,music,Metre and Rhythm,Instrumentation;Performance,Medium,Nemo Wilson,02:00,http://creativecommons.org/licenses/by-nc-sa/3.0/,A Little More (Acoustic),00:30,1298301
hummusqa,What is the time signature of the intro of the piece?,mcq,3/4,"[""9/8"", ""6/8"", ""12/4""]",q217_770629.mp3,music,Metre and Rhythm,Structure,Medium,Stefano mocini,01:00,http://creativecommons.org/licenses/by-nc-sa/3.0/,rebirth,00:00,770629
hummusqa,For what type of music was this song made?,mcq,Movie Soundtrack,"[""Waltz dancing"", ""Lounge bar"", ""Jazz bar""]",q218_770629.mp3,music,Functional Context,Genre and Style,Low,Stefano mocini,01:30,http://creativecommons.org/licenses/by-nc-sa/3.0/,rebirth,00:00,770629
hummusqa,How many bars does the drum play in the intro before the guitar comes in?,mcq,4,"[""6"", ""8"", ""2""]",q219_1133179.mp3,music,Structure,Metre and Rhythm;Instrumentation,Medium,JJ LlombArt,00:30,http://creativecommons.org/licenses/by-nd/3.0/,Pure love,00:00,1133179
hummusqa,What type of snare drum is the drummer using?,mcq,Piccolo,"[""Metal"", ""Wood"", ""Marching""]",q220_1133179.mp3,music,Instrumentation,nan,Medium,JJ LlombArt,02:00,http://creativecommons.org/licenses/by-nd/3.0/,Pure love,00:30,1133179
hummusqa,Is the singer a native English speaker?,mcq,No,"[""Yes"", ""Probably"", ""Can't tell""]",q221_1133179.mp3,music,Performance,Lyrics;Sound Texture,Low,JJ LlombArt,02:00,http://creativecommons.org/licenses/by-nd/3.0/,Pure love,00:30,1133179
hummusqa,What is the key of the bass pattern?,mcq,Bb minor,"[""F major"", ""C minor"", ""G minor""]",q222_1227366.mp3,music,Harmony,nan,High,Mazelo Nostra,01:30,http://creativecommons.org/licenses/by-sa/3.0/,Born To Be Easy,00:00,1227366
hummusqa,What extended technique is used by the flutist during the solo?,mcq,Flutter tonguing,"[""Shake"", ""Spitting"", ""Jet whistle""]",q223_1227366.mp3,music,Performance,Sound Texture;Instrumentation,High,Mazelo Nostra,01:30,http://creativecommons.org/licenses/by-sa/3.0/,Born To Be Easy,00:00,1227366
hummusqa,What percussion instruments are playing during the song?,mcq,Tambourine & cow bell,"[""Cajon"", ""Triangle"", ""marimba""]",q224_1227366.mp3,music,Instrumentation,Sound Texture,Low,Mazelo Nostra,02:00,http://creativecommons.org/licenses/by-sa/3.0/,Born To Be Easy,00:30,1227366
hummusqa,How does the song begin?,mcq,tetric,"[""anacrusis"", ""acephalous"", ""a combination of all three""]",q225_26435.mp3,music,Metre and Rhythm,Structure,High,Celestial Aeon Project,01:00,http://creativecommons.org/licenses/by-nc-sa/2.5/,Atmosphere,00:00,26435
hummusqa,What is this genre of music good for?,mcq,studying and working,"[""partying"", ""exercising"", ""a parade""]",q226_26435.mp3,music,Functional Context,Mood and Expression;Genre and Style,Low,Celestial Aeon Project,01:00,http://creativecommons.org/licenses/by-nc-sa/2.5/,Atmosphere,00:00,26435
hummusqa,Which of these options is most related to this song?,mcq,bedroom producer,"[""racial protests"", ""avant-garde music"", ""futurism""]",q227_26435.mp3,music,Functional Context,Genre and Style;Sound Texture;Performance,Medium,Celestial Aeon Project,01:00,http://creativecommons.org/licenses/by-nc-sa/2.5/,Atmosphere,00:00,26435
hummusqa,How are the different instruments introduced in the song?,mcq,progressive,"[""all at the same time"", ""Different sections are added at different times."", ""All of them follow the vocals.""]",q228_7360.mp3,music,Instrumentation,Musical Texture;Structure,Low,Steven Dunston,01:00,http://creativecommons.org/licenses/by-nc-sa/2.5/,Better Man,00:00,7360
hummusqa,Which instruments make the song groovy?,mcq,kick and bass,"[""snare"", ""hi-hat"", ""vocals""]",q229_7360.mp3,music,Instrumentation,Metre and Rhythm;Performance,Medium,Steven Dunston,01:00,http://creativecommons.org/licenses/by-nc-sa/2.5/,Better Man,00:00,7360
hummusqa,What harmonic techniques is the composer using in the chorus?,mcq,It uses secondary dominants,"[""slash chords"", ""pedal point"", ""polytonality""]",q230_7360.mp3,music,Harmony,Structure,High,Steven Dunston,01:30,http://creativecommons.org/licenses/by-nc-sa/2.5/,Better Man,00:30,7360
hummusqa,What roots would you say this song has?,mcq,African,"[""South American"", ""North American"", ""Asian""]",q231_1321293.mp3,music,Historical and Cultural Context,Genre and Style,Low,Yuanan &quot;J.A.R&quot;,01:00,http://creativecommons.org/licenses/by-nc-nd/3.0/,Bryan Art - Knowledge is the Power (Forward Riddim J.A.R 026),00:00,1321293
hummusqa,What are these lyrics about?,mcq,personal empowering,"[""love"", ""work"", ""society""]",q232_1321293.mp3,music,Lyrics,Mood and Expression,Low,Yuanan &quot;J.A.R&quot;,01:30,http://creativecommons.org/licenses/by-nc-nd/3.0/,Bryan Art - Knowledge is the Power (Forward Riddim J.A.R 026),00:30,1321293
hummusqa,What type of language is used in the lyrics of the song?,mcq,Metaphoric and symbolic,"[""Realistic"", ""Narrative"", ""Essay""]",q233_1321293.mp3,music,Lyrics,Mood and Expression,Low,Yuanan &quot;J.A.R&quot;,01:40,http://creativecommons.org/licenses/by-nc-nd/3.0/,Bryan Art - Knowledge is the Power (Forward Riddim J.A.R 026),00:40,1321293
hummusqa,To which city does the introduction of the song transport you?,mcq,Granada,"[""London"", ""Dublin"", ""Moscow""]",q234_156528.mp3,music,Mood and Expression,Structure,Low,DeAmalia,01:00,http://creativecommons.org/licenses/by-nc-nd/3.0/,Encuentros,00:00,156528
hummusqa,What harmonic system is used here?,mcq,Tonal and modal,"[""Tonal"", ""Modal"", ""Atonal""]",q235_156528.mp3,music,Harmony,nan,High,DeAmalia,01:00,http://creativecommons.org/licenses/by-nc-nd/3.0/,Encuentros,00:00,156528
hummusqa,Who do you imagine playing this song?,mcq,A man,"[""A woman"", ""A girl"", ""A boy""]",q236_156528.mp3,music,Performance,nan,Low,DeAmalia,01:00,http://creativecommons.org/licenses/by-nc-nd/3.0/,Encuentros,00:00,156528
hummusqa,What scene does the introduction of this song remind you of?,mcq,A dancer on a flamenco tablao,"[""A football match"", ""A country house in Scandinavia"", ""People meditating""]",q237_270070.mp3,music,Mood and Expression,Performance;Genre and Style,Low,"Xauen, la banda del mono Titi",01:00,http://creativecommons.org/licenses/by-nc-sa/2.5/es/,En el olivar,00:00,270070
hummusqa,What could you say about the introduction?,mcq,It plays a motif from different grades of the scale,"[""It plays the same motif always"", ""It plays random motifs"", ""There is no structure""]",q238_270070.mp3,music,Melody,Structure,Medium,"Xauen, la banda del mono Titi",01:30,http://creativecommons.org/licenses/by-nc-sa/2.5/es/,En el olivar,00:40,270070
hummusqa,What are these lyrics about?,mcq,About weed and getting high,"[""Having an infusion"", ""Getting up in the morning and having breakfast"", ""Plants""]",q239_270070.mp3,music,Lyrics,nan,Low,"Xauen, la banda del mono Titi",05:53,http://creativecommons.org/licenses/by-nc-sa/2.5/es/,En el olivar,05:00,270070
hummusqa,"This song could have been written recently. However, its style sounds like it was written...",mcq,Before bebop,"[""After bebop"", ""Before ragtime"", ""After jazz fusion""]",q240_1163315.mp3,music,Genre and Style,Historical and Cultural Context,Medium,Carl-Friedrich von Steegen,01:00,http://creativecommons.org/licenses/by-sa/2.0/de/,Gipsy,00:00,1163315
hummusqa,What is the rhythmic accompaniment of the organ?,mcq,Combination of downbeat & upbeat,"[""Downbeat"", ""Upbeat"", ""Random""]",q241_1163315.mp3,music,Metre and Rhythm,Instrumentation,Medium,Carl-Friedrich von Steegen,01:00,http://creativecommons.org/licenses/by-sa/2.0/de/,Gipsy,00:00,1163315
hummusqa,What instrument would mark the movement of the foot if you were to dance to this song?,mcq,double bass,"[""electric guitar"", ""saxophone"", ""drums""]",q242_1163315.mp3,music,Metre and Rhythm,Instrumentation,Medium,Carl-Friedrich von Steegen,01:00,http://creativecommons.org/licenses/by-sa/2.0/de/,Gipsy,00:00,1163315
hummusqa,What element in the introduction creates intrigue?,mcq,the half step in the guitar part,"[""the bass"", ""the absence of drums"", ""the combination of instruments""]",q243_78733.mp3,music,Melody,Instrumentation;Mood and Expression,High,Josh Woodward,01:00,http://creativecommons.org/licenses/by/3.0/,Honcho Graham From Birmingham,00:00,78733
hummusqa,Which instrument sometimes doubles the notes of the vocals?,mcq,guitar,"[""bass"", ""none"", ""strings""]",q244_78733.mp3,music,Instrumentation,Musical Texture,Medium,Josh Woodward,01:00,http://creativecommons.org/licenses/by/3.0/,Honcho Graham From Birmingham,00:00,78733
hummusqa,What resource is used here to make the song harmonically ambiguous?,mcq,Homonymous key,"[""Modulation to neighboring keys"", ""Each instrument plays on a different key"", ""Chord tensions""]",q245_78733.mp3,music,Harmony,nan,High,Josh Woodward,01:00,http://creativecommons.org/licenses/by/3.0/,Honcho Graham From Birmingham,00:00,78733
hummusqa,What interval is repeated in the bass voice?,mcq,4th,"[""8th"", ""3rd"", ""6th""]",q246_785425.mp3,music,Melody,Musical Texture,High,Löhstana David,01:00,http://creativecommons.org/licenses/by-nc-sa/3.0/,La rupture - INSTRUMENTAL VERSION,00:00,785425
hummusqa,What roots would you say this song has?,mcq,East Europe,"[""North America"", ""South America"", ""Africa""]",q247_785425.mp3,music,Historical and Cultural Context,Genre and Style,Medium,Löhstana David,01:00,http://creativecommons.org/licenses/by-nc-sa/3.0/,La rupture - INSTRUMENTAL VERSION,00:00,785425
hummusqa,How do the different instruments relate to each other?,mcq,They complement each other polyphonically,"[""They complement each other homophonically."", ""They complement each other with counterpoint lines."", ""They don't complement each other.""]",q248_785425.mp3,music,Musical Texture,Instrumentation;Melody,Medium,Löhstana David,01:00,http://creativecommons.org/licenses/by-nc-sa/3.0/,La rupture - INSTRUMENTAL VERSION,00:00,785425
hummusqa,What is the theme of this song?,mcq,love,"[""faith"", ""religion"", ""freedom""]",q249_6730.mp3,music,Lyrics,Mood and Expression,Low,Steven Dunston,01:00,http://creativecommons.org/licenses/by-nc-sa/2.5/,Man of Faith,00:00,6730
hummusqa,What cadence is played at the end of the song?,mcq,Authentic Cadence,"[""Plagal Cadence"", ""Broken Cadence"", ""Imperfect Cadence""]",q250_6730.mp3,music,Harmony,Structure,High,Steven Dunston,03:26,http://creativecommons.org/licenses/by-nc-sa/2.5/,Man of Faith,02:26,6730
hummusqa,How was the tide in the story told by the singer?,mcq,Rising,"[""Going down"", ""He doesn't talk about that"", ""High""]",q251_6730.mp3,music,Lyrics,Mood and Expression,Low,Steven Dunston,01:00,http://creativecommons.org/licenses/by-nc-sa/2.5/,Man of Faith,00:00,6730
hummusqa,What drug is commonly associated with this genre of music?,mcq,Weed,"[""Alcohol"", ""Cocaine"", ""Heroin""]",q252_231013.mp3,music,Genre and Style,Historical and Cultural Context,Low,Loudog,01:00,http://creativecommons.org/licenses/by-nc-sa/2.0/de/,Music,00:00,231013
hummusqa,Which instrument sounds soft and shy?,mcq,saxophone,"[""bass"", ""drums"", ""organ""]",q253_231013.mp3,music,Instrumentation,Sound Texture;Mood and Expression,Low,Loudog,02:00,http://creativecommons.org/licenses/by-nc-sa/2.0/de/,Music,01:00,231013
hummusqa,How would you imagine the temperature in the place where this song was created?,mcq,Warm,"[""Cold"", ""Rainy"", ""Extremely hot""]",q254_231013.mp3,music,Mood and Expression,Sound Texture;Genre and Style;Instrumentation,Low,Loudog,01:00,http://creativecommons.org/licenses/by-nc-sa/2.0/de/,Music,00:00,231013
hummusqa,How would you rate the sound production of this track?,mcq,Amateur,"[""Professional"", ""Expert"", ""Specialist""]",q255_266919.mp3,music,Sound Texture,Performance,Low,Raphael Pistachio,01:00,http://creativecommons.org/licenses/by-nc-nd/3.0/,Slow Groovin,00:00,266919
hummusqa,What is the main scale used in the song?,mcq,Blues,"[""Whole-half step"", ""Half-whole step"", ""Whole tone scale""]",q256_266919.mp3,music,Melody,nan,High,Raphael Pistachio,01:00,http://creativecommons.org/licenses/by-nc-nd/3.0/,Slow Groovin,00:00,266919
hummusqa,What musical backgrounds would you guess these musicians have?,mcq,jazz and rock,"[""classical"", ""pop"", ""songwriters""]",q257_266919.mp3,music,Genre and Style,nan,Medium,Raphael Pistachio,02:00,http://creativecommons.org/licenses/by-nc-nd/3.0/,Slow Groovin,01:00,266919
hummusqa,Where is the vocalist's accent from?,mcq,Brazil,"[""Portugal"", ""Cape Verde"", ""Mozambique""]",q258_349850.mp3,music,Historical and Cultural Context,Performance,Low,Guilherme De Marco,01:00,http://creativecommons.org/licenses/by-nc-sa/3.0/,Órgão do Universo,00:00,349850
hummusqa,There is something strange in the mix. What is it?,mcq,The rhythmic guitars are panned in different sides of the stereo and they don't sound at the same time,"[""The electric guitar is too loud"", ""The percussion is too compressed"", ""The reverb has parallel compression""]",q259_349850.mp3,music,Sound Texture,Metre and Rhythm;Instrumentation;Performance,Medium,Guilherme De Marco,03:00,http://creativecommons.org/licenses/by-nc-sa/3.0/,Órgão do Universo,02:00,349850
hummusqa,Which of these musical elements contributes to adding emotion to the song?,mcq,A broad melodic contour,"[""A narrow melodic contour"", ""Rhythmic percussion"", ""Timbre of instruments used""]",q260_349850.mp3,music,Melody,Mood and Expression,Medium,Guilherme De Marco,02:00,http://creativecommons.org/licenses/by-nc-sa/3.0/,Órgão do Universo,01:00,349850
hummusqa,What could be the intended mood of this tune?,mcq,Relaxing,"[""Delighting"", ""Depressing"", ""Sad""]",q261_924963.mp3,music,Mood and Expression,nan,Low,Christian Zell,01:00,http://creativecommons.org/licenses/by/2.0/de/,Herbstsommer,00:00,924963
hummusqa,What does not contribute to creating this mood?,mcq,Tremolo,"[""Reverb"", ""The sound of the guitar"", ""A clear and consonant harmony""]",q262_924963.mp3,music,Mood and Expression,Sound Texture;Instrumentation;Harmony;Performance,Medium,Christian Zell,02:00,http://creativecommons.org/licenses/by/2.0/de/,Herbstsommer,01:00,924963
hummusqa,Which of these genres cannot be recognized in this tune?,mcq,Drone music,"[""Ambient"", ""New Age"", ""Modern classical music""]",q263_924963.mp3,music,Genre and Style,nan,Medium,Christian Zell,01:00,http://creativecommons.org/licenses/by/2.0/de/,Herbstsommer,00:00,924963
hummusqa,Which of these genres cannot be recognized in this tune?,mcq,Flamenco,"[""Hip hop"", ""Pop"", ""Soul""]",q264_1138775.mp3,music,Genre and Style,nan,Low,Kellee Maize,01:00,http://creativecommons.org/licenses/by-nc-sa/3.0/,Yesterday,00:00,1138775
hummusqa,What type of drums are featured in this song?,mcq,Drum machine,"[""Acoustic Drums"", ""Hybrid drums"", ""Percussion""]",q265_1138775.mp3,music,Instrumentation,Sound Texture,Low,Kellee Maize,01:00,http://creativecommons.org/licenses/by-nc-sa/3.0/,Yesterday,00:00,1138775
hummusqa,Who is the primary audience intended for the song?,mcq,Young women,"[""Elder women"", ""Elder men"", ""Other""]",q266_1138775.mp3,music,Functional Context,nan,Low,Kellee Maize,01:00,http://creativecommons.org/licenses/by-nc-sa/3.0/,Yesterday,00:00,1138775
hummusqa,Which instrument is not present in the song?,mcq,mandolin,"[""castanets"", ""flamenco cajón"", ""guitar""]",q267_1070646.mp3,music,Instrumentation,nan,Medium,Guy Berrier,01:00,http://creativecommons.org/licenses/by-nc-nd/2.0/fr/,SANGRIA COKTAIL,00:00,1070646
hummusqa,Where could the roots of this song be?,mcq,Andalucia,"[""Mexico"", ""Cuba"", ""Barcelona""]",q268_1070646.mp3,music,Historical and Cultural Context,Genre and Style,Medium,Guy Berrier,01:00,http://creativecommons.org/licenses/by-nc-nd/2.0/fr/,SANGRIA COKTAIL,00:00,1070646
hummusqa,Which scales or modes are related to the one we hear in this song?,mcq,Phrygian,"[""Ionian"", ""Lydian"", ""Mixolydian""]",q269_1070646.mp3,music,Melody,Harmony,High,Guy Berrier,01:00,http://creativecommons.org/licenses/by-nc-nd/2.0/fr/,SANGRIA COKTAIL,00:00,1070646
hummusqa,What instrument does the sound of the lead bass imitate at the beginning of the song?,mcq,Sitar,"[""Piano"", ""Organ"", ""trumpet""]",q270_17954.mp3,music,Instrumentation,Sound Texture,Low,Revolution Void,01:00,http://creativecommons.org/licenses/by-nc-nd/3.0/,Ventus Solaris,00:00,17954
hummusqa,What comping technique is used by the keyboard player?,mcq,Approaching chords,"[""stride piano"", ""Garland-style comping"", ""nan""]",q271_17954.mp3,music,Performance,Harmony;Instrumentation,High,Revolution Void,02:00,http://creativecommons.org/licenses/by-nc-nd/3.0/,Ventus Solaris,01:00,17954
hummusqa,What solo technique does the sax player use to make the improvisation harmonically interesting?,mcq,Playing momentarily outside the key of the song,"[""Quoting popular melodies"", ""Playing only one note"", ""Playing the Hendrix scale""]",q272_17954.mp3,music,Harmony,Melody;Performance,High,Revolution Void,04:50,http://creativecommons.org/licenses/by-nc-nd/3.0/,Ventus Solaris,03:50,17954
hummusqa,Which of the following statements is true?,mcq,The introduction copies a popular classical melody,"[""The end of the song doesn't use a melody from any other song"", ""The melody of the chorus is related to the melody of the introduction"", ""The introduction is motivically related to the rest of the song""]",q273_1131366.mp3,music,Melody,Structure;Historical and Cultural Context,Low,Dani Alba,01:00,http://creativecommons.org/licenses/by/3.0/,Bariô,00:00,1131366
hummusqa,Which of the following statements is not true?,mcq,The accompaniment doesn't use the leading note,"[""The verse starts with a two-chord harmonic progression"", ""The song uses the Andalusian cadence"", ""The guitar plays filling motives between the vocal phrases""]",q274_1131366.mp3,music,Harmony,Instrumentation;Musical Texture,High,Dani Alba,02:00,http://creativecommons.org/licenses/by/3.0/,Bariô,00:30,1131366
hummusqa,What effect is created by modulating the song?,mcq,It creates excitement,"[""It creates relaxation"", ""It creates a different mood in the song."", ""It introduces different musical elements.""]",q275_1131366.mp3,music,Mood and Expression,Harmony,Low,Dani Alba,02:00,http://creativecommons.org/licenses/by/3.0/,Bariô,01:00,1131366
hummusqa,Which of the following statements is true about the introduction?,mcq,The piano plays a pentatonic pattern,"[""The piano plays a pentatonic scale"", ""The piano plays a diatonic scale"", ""The piano is not playing with the sustain pedal""]",q276_30259.mp3,music,Melody,Performance,High,Slap Stick,01:00,http://creativecommons.org/licenses/by-nc-nd/3.0/,Reggae Reggae,00:00,30259
hummusqa,What is this music intended for?,mcq,Dancing,"[""Sleeping"", ""a funeral"", ""a religious ceremony""]",q277_30259.mp3,music,Functional Context,nan,Low,Slap Stick,01:00,http://creativecommons.org/licenses/by-nc-nd/3.0/,Reggae Reggae,00:00,30259
hummusqa,What topics do the lyrics cover?,mcq,Social change,"[""Love"", ""Friendship"", ""The western world""]",q278_30259.mp3,music,Lyrics,Historical and Cultural Context,Low,Slap Stick,01:00,http://creativecommons.org/licenses/by-nc-nd/3.0/,Reggae Reggae,00:00,30259
hummusqa,Which instrument is least commonly associated with Reggae music?,mcq,Drums,"[""Piano"", ""Vocals"", ""Organ""]",q279_617329.mp3,music,Instrumentation,Genre and Style,Low,DON VALDES,01:00,http://creativecommons.org/licenses/by-nc-sa/2.0/fr/,Tout va trop vite,00:00,617329
hummusqa,What is the protest content of the lyrics?,mcq,High,"[""Medium"", ""Low"", ""nan""]",q280_617329.mp3,music,Lyrics,Historical and Cultural Context;Mood and Expression,Low,DON VALDES,01:00,http://creativecommons.org/licenses/by-nc-sa/2.0/fr/,Tout va trop vite,00:00,617329
hummusqa,Who sings the choir vocals?,mcq,The same singer as the lead voice,"[""A different person than the lead singer"", ""Other singers"", ""A cloned voice""]",q281_617329.mp3,music,Performance,Instrumentation;Musical Texture,Medium,DON VALDES,02:00,http://creativecommons.org/licenses/by-nc-sa/2.0/fr/,Tout va trop vite,00:30,617329
hummusqa,Which instrument has a strong presence in the center of the mix?,mcq,Bass,"[""guitar"", ""trumpet"", ""keyboard""]",q282_852.mp3,music,Sound Texture,Instrumentation,Low,Kiff'On,01:00,http://creativecommons.org/licenses/by-nc-nd/2.0/,Né Funky,00:00,852
hummusqa,What audio effect gives the guitar a funky vibe in this song?,mcq,Wah-wah,"[""reverb"", ""echo"", ""delay""]",q283_852.mp3,music,Sound Texture,Mood and Expression;Genre and Style,Low,Kiff'On,01:00,http://creativecommons.org/licenses/by-nc-nd/2.0/,Né Funky,00:00,852
hummusqa,Which of these statements is true?,mcq,The vocal style of the chorus is very rhythmic and with few words,"[""The vocal style of the chorus is a bit rhythmic and melismatic"", ""There is no vocals"", ""The vocal style of the chorus isn't syncopated""]",q284_852.mp3,music,Performance,Metre and Rhythm;Lyrics,Low,Kiff'On,02:00,http://creativecommons.org/licenses/by-nc-nd/2.0/,Né Funky,00:50,852
hummusqa,Which of the following situations would not be suitable for this music?,mcq,An anniversary party,"[""A soundtrack of a movie"", ""A theater play"", ""A concert for children""]",q285_1222340.mp3,music,Functional Context,Mood and Expression;Genre and Style,Low,NICOCO,01:00,http://creativecommons.org/licenses/by-nc-nd/3.0/,Le Beau Blaireau,00:00,1222340
hummusqa,Which of the following musical elements is most prominent in this piece?,mcq,Melody,"[""Harmony"", ""Rhythm"", ""Timbre""]",q286_1222340.mp3,music,Melody,Harmony;Metre and Rhythm;Sound Texture,Low,NICOCO,01:00,http://creativecommons.org/licenses/by-nc-nd/3.0/,Le Beau Blaireau,00:00,1222340
hummusqa,What do the melodic instruments imitate?,mcq,A conversation,"[""A painting"", ""A sculpture"", ""An essay""]",q287_1222340.mp3,music,Melody,Musical Texture,Low,NICOCO,01:00,http://creativecommons.org/licenses/by-nc-nd/3.0/,Le Beau Blaireau,00:00,1222340
hummusqa,What type of movie theme would you say this song fits?,mcq,Epic,"[""Love"", ""Adventure"", ""Mystery""]",q288_1222369.mp3,music,Genre and Style,Mood and Expression;Functional Context,Low,NICOCO,01:00,http://creativecommons.org/licenses/by-nc-nd/3.0/,Give Way Choir,00:00,1222369
hummusqa,What feeling does this song add to the picture?,mcq,tension,"[""calm"", ""intrigue"", ""excitement""]",q289_1222369.mp3,music,Mood and Expression,nan,Low,NICOCO,01:00,http://creativecommons.org/licenses/by-nc-nd/3.0/,Give Way Choir,00:00,1222369
hummusqa,Which of these elements does not contribute to creating tension in the song?,mcq,long notes played by the trumpet,"[""ostinato"", ""accents"", ""percussion""]",q290_1222369.mp3,music,Mood and Expression,Instrumentation;Performance;Musical Texture,Low,NICOCO,02:40,http://creativecommons.org/licenses/by-nc-nd/3.0/,Give Way Choir,01:40,1222369
hummusqa,Which of these statements is true?,mcq,The instruments do not sound as they were quantized,"[""There are no instruments being played"", ""The instruments sound as if they were quantized"", ""The production uses a lot of compression""]",q291_1352257.mp3,music,Metre and Rhythm,Performance;Sound Texture,Medium,ÿ⇾㸄㬄㸄㈄䰄㔄㈄ က㴄㐄䀄㔄㤄,01:00,http://creativecommons.org/licenses/by-nc-nd/3.0/,Still The One,00:00,1352257
hummusqa,Which country does this music remind you of?,mcq,Brazil,"[""Spain"", ""Cuba"", ""Mexico""]",q292_1352257.mp3,music,Historical and Cultural Context,Genre and Style;Mood and Expression,Low,ÿ⇾㸄㬄㸄㈄䰄㔄㈄ က㴄㐄䀄㔄㤄,02:00,http://creativecommons.org/licenses/by-nc-nd/3.0/,Still The One,01:00,1352257
hummusqa,What is the main goal of the bass line?,mcq,Play the fundamental and the 5th,"[""Play the fundamental"", ""Play the fundamental and the 7th"", ""Play the fundamental and the 3rd""]",q293_1352257.mp3,music,Harmony,Instrumentation;Musical Texture,High,ÿ⇾㸄㬄㸄㈄䰄㔄㈄ က㴄㐄䀄㔄㤄,02:00,http://creativecommons.org/licenses/by-nc-nd/3.0/,Still The One,01:00,1352257
hummusqa,What is the most important element in this song?,mcq,Texture/Timbre,"[""Melody"", ""Harmony"", ""Rhythm""]",q294_1936726.mp3,music,Sound Texture,Musical Texture;Melody;Harmony;Metre and Rhythm,Medium,Sun Spot,01:00,http://creativecommons.org/licenses/by-nc-nd/3.0/,Sun Spot - Emptiness (Original Mix),00:00,1936726
hummusqa,What is the decay time of the reverb used in this song?,mcq,Long,"[""Short"", ""Medium"", ""Very short""]",q295_1936726.mp3,music,Sound Texture,Performance,Medium,Sun Spot,01:00,http://creativecommons.org/licenses/by-nc-nd/3.0/,Sun Spot - Emptiness (Original Mix),00:00,1936726
hummusqa,How is the reverb size used in this song?,mcq,Large,"[""Small"", ""Medium"", ""Very small""]",q296_1936726.mp3,music,Sound Texture,Mood and Expression,Medium,Sun Spot,01:00,http://creativecommons.org/licenses/by-nc-nd/3.0/,Sun Spot - Emptiness (Original Mix),00:00,1936726
hummusqa,What type of pedal effect is applied on the voice in the intro?,mcq,Fuzz pedal,"[""Distortion pedal"", ""Delay pedal"", ""Octaver pedal""]",q297_1320579.mp3,music,Sound Texture,nan,High,The Man In Washington,00:30,http://creativecommons.org/licenses/by-nc-sa/3.0/,Mercy,00:00,1320579
hummusqa,What instrument plays the bass line?,mcq,Bass Guitar,"[""Acoustic bass"", ""Synth Bass"", ""There´s no bass""]",q298_1320579.mp3,music,Instrumentation,Musical Texture,Low,The Man In Washington,01:30,http://creativecommons.org/licenses/by-nc-sa/3.0/,Mercy,00:00,1320579
hummusqa,What region of the US does this type of music usually remind you of?,mcq,Southern music,"[""Midwest music"", ""East coast music"", ""Northwest music""]",q299_1320579.mp3,music,Historical and Cultural Context,Genre and Style,Low,The Man In Washington,02:00,http://creativecommons.org/licenses/by-nc-sa/3.0/,Mercy,00:30,1320579
hummusqa,Which instruments are used to accompany the voice in the intro?,mcq,Synth & drum pads,"[""Piano and percussion"", ""Drums & Bass"", ""Guitar & piano""]",q300_1079319.mp3,music,Instrumentation,Structure;Musical Texture,Low,Raphelle Andrews,00:30,http://creativecommons.org/licenses/by-sa/3.0/,Let It Go,00:00,1079319
hummusqa,What do the lyrics suggest?,mcq,Sexual connotation,"[""Romantic connotation"", ""Love"", ""Hope""]",q301_1079319.mp3,music,Lyrics,Mood and Expression,Low,Raphelle Andrews,01:30,http://creativecommons.org/licenses/by-sa/3.0/,Let It Go,00:30,1079319
hummusqa,What´s the style of the song?,mcq,Neo hip hop,"[""Pop"", ""Rap"", ""Jazz""]",q302_1079319.mp3,music,Genre and Style,nan,High,Raphelle Andrews,01:30,http://creativecommons.org/licenses/by-sa/3.0/,Let It Go,00:00,1079319
hummusqa,What kind of music does the intro evoke?,mcq,Middle eastern music,"[""Mediterranean"", ""Latin music"", ""Asian music""]",q303_498814.mp3,music,Genre and Style,Historical and Cultural Context,Low,Jimi Sobara,00:55,http://creativecommons.org/licenses/by-sa/2.5/bg/,Morning with her,00:00,498814
hummusqa,Which tonality is used in the intro?,mcq,E minor,"[""G major"", ""C minor"", ""A major""]",q304_498814.mp3,music,Harmony,Structure,High,Jimi Sobara,00:55,http://creativecommons.org/licenses/by-sa/2.5/bg/,Morning with her,00:00,498814
hummusqa,What mode is mainly played by the guitar?,mcq,Phrygian,"[""Dorian"", ""Locrian"", ""Ionian""]",q305_498814.mp3,music,Melody,Instrumentation,High,Jimi Sobara,02:30,http://creativecommons.org/licenses/by-sa/2.5/bg/,Morning with her,01:00,498814
hummusqa,How many guitars are playing during the song?,mcq,Three,"[""Two"", ""Four"", ""One""]",q306_785413.mp3,music,Instrumentation,Musical Texture,Medium,Löhstana David,02:00,http://creativecommons.org/licenses/by-nc-sa/3.0/,Alexandra 03 - INSTRUMENTAL VERSION,00:30,785413
hummusqa,What type of guitars are used?,mcq,Acoustic & electric,"[""Only acoustic"", ""Only electric"", ""Bass guitar""]",q307_785413.mp3,music,Instrumentation,nan,Low,Löhstana David,02:00,http://creativecommons.org/licenses/by-nc-sa/3.0/,Alexandra 03 - INSTRUMENTAL VERSION,00:30,785413
hummusqa,Which percussion instruments are used in the song?,mcq,Cajón Peruano and brushes,"[""Congas"", ""Timbal and buss drum"", ""Bongo""]",q308_785413.mp3,music,Instrumentation,Sound Texture,Medium,Löhstana David,02:00,http://creativecommons.org/licenses/by-nc-sa/3.0/,Alexandra 03 - INSTRUMENTAL VERSION,00:30,785413
hummusqa,What is the configuration in the brass section?,mcq,"2 trumpets, 1 trombone, 2 Saxos","[""1 trumpet, 1 trombone , 1 sax"", ""1 Sax, 1 Trumpet"", ""3 trumpets""]",q309_964594.mp3,music,Instrumentation,nan,Medium,Jan y Su Son Latino,02:00,http://creativecommons.org/licenses/by-nc-nd/3.0/,A ESTHER FORERO - Jan Y Su Son Latino,00:30,964594
hummusqa,What type of genre is this song?,mcq,Merengue,"[""Salsa"", ""Cumbia"", ""Ska""]",q310_964594.mp3,music,Genre and Style,nan,Medium,Jan y Su Son Latino,01:30,http://creativecommons.org/licenses/by-nc-nd/3.0/,A ESTHER FORERO - Jan Y Su Son Latino,00:00,964594
hummusqa,What's the instrument used to mark the rhythm?,mcq,Metallic guiro,"[""Wooden guiro"", ""Cow bell"", ""Congas""]",q311_964594.mp3,music,Instrumentation,Metre and Rhythm,Medium,Jan y Su Son Latino,02:00,http://creativecommons.org/licenses/by-nc-nd/3.0/,A ESTHER FORERO - Jan Y Su Son Latino,00:30,964594
hummusqa,Which piano technique is used during the accompaniment?,mcq,Rhythmic arpeggios,"[""Block chords"", ""Counterpoint"", ""Rhythmic comping""]",q312_1051203.mp3,music,Musical Texture,Performance;Metre and Rhythm,Medium,Jill Zimmerman,01:30,http://creativecommons.org/licenses/by-nc-sa/3.0/,The Letter,00:00,1051203
hummusqa,What emotions do the lyrics evoke?,mcq,Sadness,"[""Dreaminess"", ""Joy"", ""Triumph""]",q313_1051203.mp3,music,Mood and Expression,Lyrics,Low,Jill Zimmerman,02:00,http://creativecommons.org/licenses/by-nc-sa/3.0/,The Letter,00:30,1051203
hummusqa,What dynamics are used by the piano to accompany the bridge?,mcq,Crescendo/Discrescendo,"[""Fortissimo"", ""Pianissimo"", ""Mezzo piano""]",q314_1051203.mp3,music,Performance,Structure;Instrumentation,Medium,Jill Zimmerman,02:00,http://creativecommons.org/licenses/by-nc-sa/3.0/,The Letter,01:00,1051203
hummusqa,What´s the rhythm used by the drums in the song?,mcq,Four on the floor,"[""nan"", ""Swing"", ""Shuffle""]",q315_1351134.mp3,music,Metre and Rhythm,Instrumentation;Performance,Medium,Not From Georgia,02:00,http://creativecommons.org/licenses/by-nc-nd/3.0/,Highway 84,00:30,1351134
hummusqa,Where is this type of music usually played?,mcq,Honky Tonk bars,"[""Jazz clubs"", ""Night clubs"", ""Restaurants""]",q316_1351134.mp3,music,Functional Context,Genre and Style,Low,Not From Georgia,01:30,http://creativecommons.org/licenses/by-nc-nd/3.0/,Highway 84,00:00,1351134
hummusqa,What percussion instrument is used to divide tempo?,mcq,Tambourine,"[""Cow Bell"", ""Maracas"", ""Congas""]",q317_1351134.mp3,music,Metre and Rhythm,Instrumentation,Low,Not From Georgia,02:30,http://creativecommons.org/licenses/by-nc-nd/3.0/,Highway 84,01:00,1351134
hummusqa,What type of technique is used by the guitar?,mcq,Fingerpicking,"[""Palm mute"", ""Travis picking"", ""Tremolo picking""]",q318_307395.mp3,music,Performance,Instrumentation,Medium,Emilio Pineda,01:30,http://creativecommons.org/licenses/by-nc-nd/3.0/,El escultor.,00:00,307395
hummusqa,What kind of clave is used by the percussion?,mcq,3+2,"[""2+3"", ""2+2"", ""3+3""]",q319_307395.mp3,music,Metre and Rhythm,Genre and Style;Historical and Cultural Context;Instrumentation,High,Emilio Pineda,01:15,http://creativecommons.org/licenses/by-nc-nd/3.0/,El escultor.,00:15,307395
hummusqa,What is this genre called?,mcq,Trova cubana,"[""Flamenco"", ""Folk"", ""Jazz""]",q320_307395.mp3,music,Genre and Style,Historical and Cultural Context,High,Emilio Pineda,02:00,http://creativecommons.org/licenses/by-nc-nd/3.0/,El escultor.,00:30,307395
