qid,bench,focus,question,answer,distractors,url,input_modality,output_modality,category_1_main_category,category_2_secondary_categories,category_3_difficulty
hummusqa_q_1,hummusqa,"[""music""]",Which of the following best fits the guitar pattern heard at the beginning of this excerpt?,"[""riff""]","[""glissando"", ""Alberti"", ""walking bass""]","[""q1_1204663.mp3""]","[""audio"", ""text""]",text,Melody,"[""Musical Texture""]",Low
hummusqa_q_2,hummusqa,"[""music""]","Which section of the song follows this harmonic progression: vi, IV, I, V?","[""chorus""]","[""verse"", ""bridge"", ""outro""]","[""q2_1204663.mp3""]","[""audio"", ""text""]",text,Structure,"[""Harmony""]",High
hummusqa_q_3,hummusqa,"[""music""]",What type of beat do you hear in the drums?,"[""rock""]","[""funk"", ""soul"", ""jazz""]","[""q3_1204663.mp3""]","[""audio"", ""text""]",text,Metre and Rhythm,"[""Genre and Style""]",Low
hummusqa_q_4,hummusqa,"[""music""]",What kind of accompaniment best defines the beginning of the song?,"[""arpeggios""]","[""block chords"", ""broken chords"", ""counterpoint""]","[""q4_196219.mp3""]","[""audio"", ""text""]",text,Musical Texture,"[""Harmony""]",Medium
hummusqa_q_5,hummusqa,"[""music""]",What type of articulation best defines the melody of this song?,"[""legato""]","[""marcato"", ""sforzando"", ""staccato""]","[""q5_196219.mp3""]","[""audio"", ""text""]",text,Performance,"[""Mood and Expression""]",Low
hummusqa_q_6,hummusqa,"[""music""]",What level of ornamentation is present in the melody?,"[""high""]","[""low"", ""medium-low"", ""none""]","[""q6_196219.mp3""]","[""audio"", ""text""]",text,Melody,"[""Performance""]",Medium
hummusqa_q_7,hummusqa,"[""music""]",What type of beat do you hear in the drums?,"[""four on the floor""]","[""swing"", ""eighth note groove"", ""shuffle groove""]","[""q7_171574.mp3""]","[""audio"", ""text""]",text,Metre and Rhythm,[],Medium
hummusqa_q_8,hummusqa,"[""music""]",How many chords are played in the song?,"[""two""]","[""one"", ""three"", ""four""]","[""q8_171574.mp3""]","[""audio"", ""text""]",text,Harmony,[],Medium
hummusqa_q_9,hummusqa,"[""music""]",What type of filter is applied to the melodic instruments at the beginning of the song?,"[""Low Pass Filter""]","[""High Pass Filter"", ""Band Pass Filter"", ""Band Stop Filter (Notch)""]","[""q9_171574.mp3""]","[""audio"", ""text""]",text,Sound Texture,[],Medium
hummusqa_q_10,hummusqa,"[""music""]",What effect is applied to the vocals in this track?,"[""pitch correction""]","[""Bitcrush"", ""Ring modulation"", ""gated reverb""]","[""q10_1093606.mp3""]","[""audio"", ""text""]",text,Sound Texture,"[""Performance""]",Low
hummusqa_q_11,hummusqa,"[""music""]",What note of the chords does the bass play during the verse?,"[""1st (fundamental)""]","[""3rd"", ""5th"", ""7th""]","[""q11_1093606.mp3""]","[""audio"", ""text""]",text,Harmony,"[""Instrumentation"", ""Musical Texture""]",High
hummusqa_q_12,hummusqa,"[""music""]",What instrument plays the lead sound in the introduction?,"[""Synthesizer""]","[""Bass guitar"", ""Piano"", ""Ukulele""]","[""q12_1093606.mp3""]","[""audio"", ""text""]",text,Instrumentation,"[""Sound Texture"", ""Structure""]",Low
hummusqa_q_13,hummusqa,"[""music""]",What time signature do you hear in this song?,"[""4/4""]","[""3/4"", ""6/8"", ""12/16""]","[""q13_1045016.mp3""]","[""audio"", ""text""]",text,Metre and Rhythm,[],Medium
hummusqa_q_14,hummusqa,"[""music""]",Which instrument is introduced in the chorus?,"[""shaker""]","[""bass guitar"", ""electric piano"", ""trumpet""]","[""q14_1045016.mp3""]","[""audio"", ""text""]",text,Instrumentation,"[""Structure""]",Low
hummusqa_q_15,hummusqa,"[""music""]",Where is the shaker positioned in the stereo field?,"[""left""]","[""centre"", ""down"", ""up""]","[""q15_1045016.mp3""]","[""audio"", ""text""]",text,Sound Texture,"[""Instrumentation""]",Low
hummusqa_q_16,hummusqa,"[""music""]",What type of synthesizer sound predominates in the chorus behind the vocals?,"[""pad""]","[""lead"", ""pluck"", ""sequenced""]","[""q16_1100505.mp3""]","[""audio"", ""text""]",text,Sound Texture,"[""Instrumentation""]",Medium
hummusqa_q_17,hummusqa,"[""music""]",How are the hi-hats played in this song?,"[""closed""]","[""open"", ""half open"", ""there are no hi hats""]","[""q17_1100505.mp3""]","[""audio"", ""text""]",text,Performance,"[""Instrumentation"", ""Metre and Rhythm""]",Medium
hummusqa_q_18,hummusqa,"[""music""]","During the introduction, there is a low-pass filter that is changing its frequency. Could you say in which direction it is shifting?","[""up""]","[""down"", ""down-up"", ""up-down""]","[""q18_1100505.mp3""]","[""audio"", ""text""]",text,Sound Texture,"[""Structure""]",Medium
hummusqa_q_19,hummusqa,"[""music""]","During the introduction, the kick is played twice in each bar. On which beats?","[""one and between the second and the third beat""]","[""two and four"", ""one and three"", ""two and three""]","[""q19_435883.mp3""]","[""audio"", ""text""]",text,Metre and Rhythm,"[""Instrumentation""]",Medium
hummusqa_q_20,hummusqa,"[""music""]","During the sax solo, what scale is the electric piano using?","[""blues""]","[""major pentatonic"", ""minor pentatonic"", ""hexatonic""]","[""q20_435883.mp3""]","[""audio"", ""text""]",text,Melody,"[""Harmony""]",High
hummusqa_q_21,hummusqa,"[""music""]","In the introduction, the snare is played on the...","[""rim (rimshot)""]","[""edge"", ""center"", ""side""]","[""q21_435883.mp3""]","[""audio"", ""text""]",text,Performance,"[""Instrumentation"", ""Sound Texture""]",Medium
hummusqa_q_22,hummusqa,"[""music""]","During the introduction, the bass and the lead play their melodies in a...","[""parallel motion""]","[""contrary motion"", ""oblique"", ""random""]","[""q22_1215874.mp3""]","[""audio"", ""text""]",text,Melody,"[""Musical Texture""]",Medium
hummusqa_q_23,hummusqa,"[""music""]","During the chorus, we can hear a very popular type of synthesizer sound. Can you guess its name?","[""supersaw""]","[""square wave"", ""triangle wave"", ""sine wave""]","[""q23_1215874.mp3""]","[""audio"", ""text""]",text,Sound Texture,"[""Instrumentation""]",Medium
hummusqa_q_24,hummusqa,"[""music""]",Which of these tempos is most accurate for the song?,"[""125 bpm""]","[""115 bpm"", ""140 bpm"", ""150 bpm""]","[""q24_1215874.mp3""]","[""audio"", ""text""]",text,Metre and Rhythm,"[""Performance""]",Medium
hummusqa_q_25,hummusqa,"[""music""]","When the drums start playing, we can hear something known as...","[""metric modulation""]","[""time signature change"", ""swing"", ""double-time""]","[""q25_135660.mp3""]","[""audio"", ""text""]",text,Metre and Rhythm,[],High
hummusqa_q_26,hummusqa,"[""music""]",What kind of pattern is the bass following in the verse?,"[""minor pentatonic""]","[""Root - 8va"", ""Dominant 7th arpeggio"", ""Root - 5th - 8va""]","[""q26_135660.mp3""]","[""audio"", ""text""]",text,Melody,"[""Instrumentation""]",High
hummusqa_q_27,hummusqa,"[""music""]",What effect predominates in the electric guitar's sound?,"[""Distortion""]","[""Delay"", ""Gated Reverb"", ""Flanger""]","[""q27_135660.mp3""]","[""audio"", ""text""]",text,Sound Texture,"[""Instrumentation""]",Low
hummusqa_q_28,hummusqa,"[""music""]",The beginning of the song starts with a change in dynamics. What is this called?,"[""crescendo""]","[""diminuendo"", ""sforzando"", ""fortepiano""]","[""q28_14013.mp3""]","[""audio"", ""text""]",text,Performance,"[""Mood and Expression""]",Low
hummusqa_q_29,hummusqa,"[""music""]",What is the interval between the two voices that play the melody?,"[""octave""]","[""unison"", ""3rd"", ""5th""]","[""q29_14013.mp3""]","[""audio"", ""text""]",text,Melody,"[""Musical Texture"", ""Harmony""]",Medium
hummusqa_q_30,hummusqa,"[""music""]",What is the name of the ornament played by the piano in the melody?,"[""up arpeggio""]","[""straight glissando"", ""wavy glissando"", ""down arpeggio""]","[""q30_14013.mp3""]","[""audio"", ""text""]",text,Melody,"[""Performance""]",Medium
hummusqa_q_31,hummusqa,"[""music""]",The melody starts with four notes on D. Can you guess which note is played after?,"[""C#""]","[""C"", ""G"", ""E""]","[""q31_644172.mp3""]","[""audio"", ""text""]",text,Melody,[],Medium
hummusqa_q_32,hummusqa,"[""music""]",This verse of the tune is written...,"[""In a major key""]","[""In a minor key"", ""Neither of the two"", ""It is not a tonal tune""]","[""q32_644172.mp3""]","[""audio"", ""text""]",text,Harmony,"[""Melody""]",Low
hummusqa_q_33,hummusqa,"[""music""]",What is the time signature of the tune?,"[""4/4""]","[""3/4"", ""6/8"", ""9/8""]","[""q33_644172.mp3""]","[""audio"", ""text""]",text,Metre and Rhythm,[],Medium
hummusqa_q_34,hummusqa,"[""music""]",What compositional technique do the piano and the drums use in the introduction?,"[""call and response (also known as question and answer)""]","[""homophonically"", ""There is only a piano in this excerpt."", ""counterpoint""]","[""q34_355486.mp3""]","[""audio"", ""text""]",text,Musical Texture,"[""Instrumentation""]",Medium
hummusqa_q_35,hummusqa,"[""music""]",In the verse there is a dissonance that doesn't belong the key and mode of the tune. Do you know which one is it?,"[""Ab""]","[""G"", ""F"", ""B""]","[""q35_355486.mp3""]","[""audio"", ""text""]",text,Melody,"[""Harmony""]",High
hummusqa_q_36,hummusqa,"[""music""]",What element does the piano player introduce in the piano solo?,"[""Block chord voicing solo""]","[""Bebop scales"", ""Polytonality"", ""Atonality""]","[""q36_355486.mp3""]","[""audio"", ""text""]",text,Harmony,"[""Musical Texture"", ""Performance""]",High
hummusqa_q_37,hummusqa,"[""music""]",Which percussion instrument plays during the verse?,"[""conga""]","[""djembe"", ""cabasa"", ""timpani""]","[""q37_337998.mp3""]","[""audio"", ""text""]",text,Instrumentation,"[""Structure""]",Medium
hummusqa_q_38,hummusqa,"[""music""]","Here, the singer uses a specific vocal technique. Do you know what it's called?","[""Falsetto""]","[""Chest voice"", ""Middle voice"", ""None of the above""]","[""q38_337998.mp3""]","[""audio"", ""text""]",text,Performance,"[""Sound Texture""]",Low
hummusqa_q_39,hummusqa,"[""music""]",What type of instruments predominate in the song?,"[""Acoustic""]","[""electronic (analog)"", ""electronic (digital)"", ""None of the above""]","[""q39_337998.mp3""]","[""audio"", ""text""]",text,Instrumentation,"[""Sound Texture""]",Low
hummusqa_q_40,hummusqa,"[""music""]",The piano introduction features a typical accompaniment style from a specific country. Which country is it?,"[""Cuba""]","[""Brazil"", ""Argentina"", ""Venezuela""]","[""q40_457120.mp3""]","[""audio"", ""text""]",text,Genre and Style,"[""Historical and Cultural Context"", ""Instrumentation"", ""Metre and Rhythm""]",Medium
hummusqa_q_41,hummusqa,"[""music""]",The guitar is a typical accompaniment from a specific country. Which country is it?,"[""Brazil""]","[""Cuba"", ""Argentina"", ""Venezuela""]","[""q41_457120.mp3""]","[""audio"", ""text""]",text,Instrumentation,"[""Historical and Cultural Context"", ""Genre and Style""]",Medium
hummusqa_q_42,hummusqa,"[""music""]",What is the singer pursuing with her tone?,"[""Sensuality""]","[""Power"", ""Loudness"", ""Detachment""]","[""q42_457120.mp3""]","[""audio"", ""text""]",text,Mood and Expression,"[""Performance"", ""Sound Texture""]",Low
hummusqa_q_43,hummusqa,"[""music""]",How would you define the harmonic rhythm of this tune?,"[""Steady""]","[""unstable"", ""hemiolic"", ""chaotic""]","[""q43_1235672.mp3""]","[""audio"", ""text""]",text,Harmony,"[""Metre and Rhythm""]",Medium
hummusqa_q_44,hummusqa,"[""music""]",How could you call the section after the second verse?,"[""C section or bridge""]","[""Verse"", ""Chorus"", ""Outro""]","[""q44_1235672.mp3""]","[""audio"", ""text""]",text,Structure,[],Medium
hummusqa_q_45,hummusqa,"[""music""]",In what decade could this song be created?,"[""2010""]","[""1990"", ""1980"", ""1970""]","[""q45_1235672.mp3""]","[""audio"", ""text""]",text,Historical and Cultural Context,"[""Genre and Style"", ""Sound Texture"", ""Performance"", ""Instrumentation""]",Low
hummusqa_q_46,hummusqa,"[""music""]",What level of musicianship is required for a synth bass player to perform this song?,"[""Beginner""]","[""Advanced"", ""Expert"", ""Professional""]","[""q46_510027.mp3""]","[""audio"", ""text""]",text,Performance,"[""Instrumentation""]",Medium
hummusqa_q_47,hummusqa,"[""music""]",What is the intention behind adding new voices in the last section?,"[""Increase energy""]","[""Decrease the energy"", ""Maintain the same energy level"", ""Introduce new energy""]","[""q47_510027.mp3""]","[""audio"", ""text""]",text,Musical Texture,"[""Mood and Expression"", ""Structure"", ""Instrumentation""]",Low
hummusqa_q_48,hummusqa,"[""music""]",Does this song have a differentiated chorus section?,"[""No, it is very similar to the verse""]","[""Yes, it is different from the verse"", ""Yes, but it is more of a C section"", ""No, it is exactly the same as the verse""]","[""q48_510027.mp3""]","[""audio"", ""text""]",text,Structure,[],Medium
hummusqa_q_49,hummusqa,"[""music""]",What is the most obvious digital music techniques used in this tune?,"[""Vocal sampling techniques""]","[""Arpeggiating"", ""pitch blending"", ""resynthesizing""]","[""q49_1149194.mp3""]","[""audio"", ""text""]",text,Sound Texture,"[""Instrumentation""]",Low
hummusqa_q_50,hummusqa,"[""music""]",Where would you imagine this song being played?,"[""In a night club""]","[""At a children's party"", ""During a romantic dinner"", ""After exercising""]","[""q50_1149194.mp3""]","[""audio"", ""text""]",text,Functional Context,"[""Mood and Expression"", ""Genre and Style""]",Low
hummusqa_q_51,hummusqa,"[""music""]",What would you expect a professional jazz musician to say about this tune?,"[""It is very monotonous""]","[""It would be great to play a cover of it."", ""I would like to sing it."", ""It would be the first song I would listen to after a gig.""]","[""q51_1149194.mp3""]","[""audio"", ""text""]",text,Mood and Expression,"[""Melody"", ""Musical Texture"", ""Structure""]",Low
hummusqa_q_52,hummusqa,"[""music""]",How would you describe the electric guitar motif?,"[""repetitive""]","[""varied"", ""diverse"", ""unstable""]","[""q52_1107251.mp3""]","[""audio"", ""text""]",text,Melody,"[""Instrumentation""]",Low
hummusqa_q_53,hummusqa,"[""music""]",Does this tune explore any themes other than love?,"[""No""]","[""Yes, it talks about professional life."", ""It depends on the listener's age."", ""Yes, it talks about aspirations.""]","[""q53_1107251.mp3""]","[""audio"", ""text""]",text,Lyrics,"[""Mood and Expression""]",Low
hummusqa_q_54,hummusqa,"[""music""]",What level of humor does this song display?,"[""It is a serious tune""]","[""It has some humor"", ""It has a lot of humor"", ""It is serious, but it has some hilarious parts""]","[""q54_1107251.mp3""]","[""audio"", ""text""]",text,Mood and Expression,[],Low
hummusqa_q_55,hummusqa,"[""music""]",What is the harmonic interval between the voices in the first two notes of the verse?,"[""4th""]","[""5th"", ""octave"", ""6th""]","[""q55_189585.mp3""]","[""audio"", ""text""]",text,Harmony,"[""Melody"", ""Musical Texture""]",High
hummusqa_q_56,hummusqa,"[""music""]",What harmonic technique is used during the chorus?,"[""Secondary dominants""]","[""slash chords"", ""Polytonality"", ""Atonality""]","[""q56_189585.mp3""]","[""audio"", ""text""]",text,Harmony,"[""Structure""]",High
hummusqa_q_57,hummusqa,"[""music""]",Which guitar comping style can we here in the tune?,"[""bossa nova""]","[""manouche guitar"", ""flamenco guitar"", ""hard bop""]","[""q57_189585.mp3""]","[""audio"", ""text""]",text,Genre and Style,"[""Instrumentation"", ""Performance"", ""Historical and Cultural Context""]",Low
hummusqa_q_58,hummusqa,"[""music""]",Which country does this tune remind you of?,"[""Brazil""]","[""Uruguay"", ""Colombia"", ""Cuba""]","[""q58_170946.mp3""]","[""audio"", ""text""]",text,Historical and Cultural Context,"[""Genre and Style""]",Low
hummusqa_q_59,hummusqa,"[""music""]",What effect do the brushes have on the song?,"[""More intimacy""]","[""More precision in rhythm"", ""Less precision"", ""Less intimacy""]","[""q59_170946.mp3""]","[""audio"", ""text""]",text,Sound Texture,"[""Mood and Expression"", ""Performance"", ""Instrumentation""]",Low
hummusqa_q_60,hummusqa,"[""music""]",Which instrumentalist do you think is the leader of the band?,"[""pianist""]","[""bassist"", ""saxophonist"", ""drummer""]","[""q60_170946.mp3""]","[""audio"", ""text""]",text,Instrumentation,"[""Performance""]",Low
hummusqa_q_61,hummusqa,"[""music""]",What music genre does the introduction remind you of?,"[""Bolero""]","[""copla"", ""bossa nova"", ""tumbao""]","[""q61_1278743.mp3""]","[""audio"", ""text""]",text,Genre and Style,[],Medium
hummusqa_q_62,hummusqa,"[""music""]",How much fusion between genres and countries is there in this song?,"[""high""]","[""intermediate"", ""low"", ""no fusion""]","[""q62_1278743.mp3""]","[""audio"", ""text""]",text,Genre and Style,"[""Historical and Cultural Context""]",Low
hummusqa_q_63,hummusqa,"[""music""]",What effect introduces the kick in the song?,"[""It creates an electronic vive""]","[""It creates a rock vibe"", ""It changes the time signature"", ""It masks the congo rhythm""]","[""q63_1278743.mp3""]","[""audio"", ""text""]",text,Sound Texture,"[""Metre and Rhythm"", ""Genre and Style""]",Low
hummusqa_q_64,hummusqa,"[""music""]",What surprises you about the harmony in this song?,"[""It has many second dominants""]","[""It uses chords with tensions"", ""It uses polychords"", ""Nothing is surprising""]","[""q64_261271.mp3""]","[""audio"", ""text""]",text,Harmony,[],High
hummusqa_q_65,hummusqa,"[""music""]",Which music genre does the introduction remind you of?,"[""Ragtime""]","[""bebop"", ""hard bop"", ""gypsy jazz""]","[""q65_261271.mp3""]","[""audio"", ""text""]",text,Genre and Style,[],Low
hummusqa_q_66,hummusqa,"[""music""]",What could this music be used for?,"[""A movie""]","[""A funeral"", ""A soundscape installation"", ""During an English test""]","[""q66_261271.mp3""]","[""audio"", ""text""]",text,Functional Context,"[""Mood and Expression""]",Low
hummusqa_q_67,hummusqa,"[""music""]",What are your thoughts on the piano bass voice of the outro?,"[""It creates an old-fashioned feeling""]","[""It is elaborated"", ""It sounds perfectly consonant"", ""It is too low in pitch""]","[""q67_1051201.mp3""]","[""audio"", ""text""]",text,Mood and Expression,"[""Instrumentation"", ""Sound Texture"", ""Musical Texture""]",Low
hummusqa_q_68,hummusqa,"[""music""]",What feeling does the music aim to create?,"[""melancholy""]","[""excitement"", ""joy"", ""power""]","[""q68_1051201.mp3""]","[""audio"", ""text""]",text,Mood and Expression,[],Low
hummusqa_q_69,hummusqa,"[""music""]",What level of musicianship do the instrumentalists display in this song?,"[""beginner""]","[""advanced"", ""professional"", ""expert""]","[""q69_1051201.mp3""]","[""audio"", ""text""]",text,Performance,[],Low
hummusqa_q_70,hummusqa,"[""music""]",What stands out when you listen the beginning of this song?,"[""The poor rhythm skills of some musicians""]","[""the musicians' good sense of rhythm"", ""the song's great originality"", ""the harmonic progression""]","[""q70_1247308.mp3""]","[""audio"", ""text""]",text,Metre and Rhythm,"[""Performance""]",Low
hummusqa_q_71,hummusqa,"[""music""]",What harmonic interval does the electric guitar use during its solo?,"[""8va""]","[""5th"", ""3rd"", ""6th""]","[""q71_1247308.mp3""]","[""audio"", ""text""]",text,Harmony,"[""Melody"", ""Instrumentation""]",Medium
hummusqa_q_72,hummusqa,"[""music""]",What is the longest section of the tune?,"[""Solos""]","[""Verse"", ""Chorus"", ""Introduction""]","[""q72_1247308.mp3""]","[""audio"", ""text""]",text,Structure,"[""Performance""]",Medium
hummusqa_q_73,hummusqa,"[""music""]",Which instrument plays the lead sounds in the intro?,"[""Synth""]","[""Guitar"", ""Piano"", ""Bass""]","[""q73_26738.mp3""]","[""audio"", ""text""]",text,Instrumentation,"[""Sound Texture""]",Low
hummusqa_q_74,hummusqa,"[""music""]",What type of synths are firstly introduced in the intro?,"[""Sequenced""]","[""Pads"", ""Pluck"", ""Lead""]","[""q74_26738.mp3""]","[""audio"", ""text""]",text,Instrumentation,"[""Sound Texture""]",Medium
hummusqa_q_75,hummusqa,"[""music""]",What type of choral music does the intro remind you of?,"[""Gregorian chant""]","[""Gospel"", ""Contemporary choirs"", ""Vocal Jazz""]","[""q75_26738.mp3""]","[""audio"", ""text""]",text,Genre and Style,"[""Historical and Cultural Context""]",Low
hummusqa_q_76,hummusqa,"[""music""]",Which guitar technique is used at the beginning of the song?,"[""Riff""]","[""Walking bass"", ""Tremolo picking"", ""Banjo roll""]","[""q76_1087890.mp3""]","[""audio"", ""text""]",text,Performance,"[""Instrumentation""]",Low
hummusqa_q_77,hummusqa,"[""music""]",What kind of instruments are used during the song?,"[""Digital electronic""]","[""Acoustic"", ""Analog acoustic"", ""Brass instruments""]","[""q77_1087890.mp3""]","[""audio"", ""text""]",text,Instrumentation,"[""Sound Texture""]",Low
hummusqa_q_78,hummusqa,"[""music""]",What is the predominant tempo of the song?,"[""136bpm""]","[""180bpm"", ""90bpm"", ""100bpm""]","[""q78_1087890.mp3""]","[""audio"", ""text""]",text,Metre and Rhythm,[],Medium
hummusqa_q_79,hummusqa,"[""music""]",What kind of string instrument is heard at the beginning?,"[""Banjo""]","[""Electric guitar"", ""Jarana"", ""Ukulele""]","[""q79_467850.mp3""]","[""audio"", ""text""]",text,Instrumentation,"[""Sound Texture""]",Low
hummusqa_q_80,hummusqa,"[""music""]",What genre does the song evoke?,"[""Latin music""]","[""Rock"", ""Flamenco"", ""Funk""]","[""q80_467850.mp3""]","[""audio"", ""text""]",text,Genre and Style,[],Low
hummusqa_q_81,hummusqa,"[""music""]",Which continent does the rhythm of the song remind you of?,"[""South America""]","[""Europe"", ""Africa"", ""Asia""]","[""q81_467850.mp3""]","[""audio"", ""text""]",text,Metre and Rhythm,"[""Genre and Style"", ""Historical and Cultural Context""]",Low
hummusqa_q_82,hummusqa,"[""music""]",What is the tempo of the intro?,"[""Adagio""]","[""Andante"", ""Allegro"", ""Moderato""]","[""q82_875005.mp3""]","[""audio"", ""text""]",text,Metre and Rhythm,"[""Performance"", ""Structure""]",Medium
hummusqa_q_83,hummusqa,"[""music""]",How many chords are played in the intro?,"[""2""]","[""1"", ""3"", ""4""]","[""q83_875005.mp3""]","[""audio"", ""text""]",text,Harmony,"[""Structure""]",Medium
hummusqa_q_84,hummusqa,"[""music""]",What kind of chord does the guitar play right at the beginning of the song?,"[""Major 7""]","[""Minor"", ""Dominant 7"", ""Major 7#4""]","[""q84_875005.mp3""]","[""audio"", ""text""]",text,Harmony,"[""Instrumentation""]",High
hummusqa_q_85,hummusqa,"[""music""]",What kind of accompaniment does the guitar play?,"[""Arpeggios""]","[""Counterpoints"", ""Riffs"", ""Broken chords""]","[""q85_1215807.mp3""]","[""audio"", ""text""]",text,Musical Texture,"[""Harmony"", ""Instrumentation""]",Medium
hummusqa_q_86,hummusqa,"[""music""]",What human sound does the lead instrument resemble in the introduction?,"[""Whistle""]","[""Vibrato"", ""Scat"", ""Falsetto""]","[""q86_1215807.mp3""]","[""audio"", ""text""]",text,Sound Texture,"[""Instrumentation""]",Low
hummusqa_q_87,hummusqa,"[""music""]",Which instrument creates a mood of excitement in the song?,"[""Digital Pads""]","[""Drums"", ""Electric guitar"", ""Piano""]","[""q87_1215807.mp3""]","[""audio"", ""text""]",text,Instrumentation,"[""Mood and Expression""]",Medium
hummusqa_q_88,hummusqa,"[""music""]",What kind of chord does the guitar play right at the beginning of the song?,"[""Minor""]","[""Augmented"", ""Major"", ""Block chord""]","[""q88_306166.mp3""]","[""audio"", ""text""]",text,Harmony,"[""Instrumentation""]",Low
hummusqa_q_89,hummusqa,"[""music""]",Which is the first interval sung by the lead voice?,"[""perfect 5th""]","[""minor 2nd"", ""unison"", ""major 2nd""]","[""q89_306166.mp3""]","[""audio"", ""text""]",text,Melody,[],Medium
hummusqa_q_90,hummusqa,"[""music""]",How does the drummer create anticipation for the final verse?,"[""Toms and snare fill""]","[""Cymbal fill"", ""Hi Hat fill"", ""Kick drum fill""]","[""q90_306166.mp3""]","[""audio"", ""text""]",text,Performance,"[""Metre and Rhythm"", ""Instrumentation""]",Medium
hummusqa_q_91,hummusqa,"[""music""]",Which country does the song evoke?,"[""Spain""]","[""Mexico"", ""Russia"", ""United Kingdom""]","[""q91_8559.mp3""]","[""audio"", ""text""]",text,Historical and Cultural Context,"[""Genre and Style"", ""Instrumentation"", ""Mood and Expression""]",Low
hummusqa_q_92,hummusqa,"[""music""]",Which guitar instrumental technique is used in the song?,"[""Flamenco Strum""]","[""Pull Off"", ""Slide"", ""Palm Mute""]","[""q92_8559.mp3""]","[""audio"", ""text""]",text,Performance,"[""Instrumentation"", ""Genre and Style""]",Low
hummusqa_q_93,hummusqa,"[""music""]",What kind of bass is used in the song?,"[""Double Bass""]","[""Acoustic Bass"", ""Electric Bass"", ""Baby Bass""]","[""q93_8559.mp3""]","[""audio"", ""text""]",text,Instrumentation,[],Medium
hummusqa_q_94,hummusqa,"[""music""]",What kinds of string instruments are used in the intro?,"[""Digital Synth Strings""]","[""Acoustic Strings"", ""Baroque Strings"", ""Sitar""]","[""q94_1420928.mp3""]","[""audio"", ""text""]",text,Instrumentation,"[""Sound Texture""]",Low
hummusqa_q_95,hummusqa,"[""music""]",What emotions does the song create?,"[""Joyful""]","[""Dreamy"", ""Amusing"", ""Sad""]","[""q95_1420928.mp3""]","[""audio"", ""text""]",text,Mood and Expression,[],Low
hummusqa_q_96,hummusqa,"[""music""]",How many chords does the song use?,"[""4""]","[""3"", ""2"", ""1""]","[""q96_1420928.mp3""]","[""audio"", ""text""]",text,Harmony,[],Medium
hummusqa_q_97,hummusqa,"[""music""]",In what style is the acoustic guitar accompanying?,"[""Flamenco""]","[""Pop"", ""Jazz"", ""Soul""]","[""q97_1319502.mp3""]","[""audio"", ""text""]",text,Genre and Style,"[""Instrumentation""]",Low
hummusqa_q_98,hummusqa,"[""music""]",What kind of drums are used in the song?,"[""Digital pads""]","[""There is no drums"", ""Acoustic drums"", ""Other type""]","[""q98_1319502.mp3""]","[""audio"", ""text""]",text,Instrumentation,"[""Sound Texture""]",Medium
hummusqa_q_99,hummusqa,"[""music""]",Which country do you imagine this song is from?,"[""USA""]","[""United Kingdom"", ""France"", ""Russia""]","[""q99_1319502.mp3""]","[""audio"", ""text""]",text,Historical and Cultural Context,"[""Genre and Style""]",Low
hummusqa_q_100,hummusqa,"[""music""]",Which instrument plays the lead sound in the introduction?,"[""Muted trombone""]","[""Trumpet"", ""Tuba"", ""Saxophone""]","[""q100_1247352.mp3""]","[""audio"", ""text""]",text,Instrumentation,"[""Sound Texture""]",High
hummusqa_q_101,hummusqa,"[""music""]",Which interval is played in the first two notes of the trombone?,"[""8a""]","[""Major 5th"", ""4th"", ""9th""]","[""q101_1247352.mp3""]","[""audio"", ""text""]",text,Melody,"[""Instrumentation""]",High
hummusqa_q_102,hummusqa,"[""music""]",What kind of saxophone plays the solo?,"[""Tenor Sax""]","[""Alto Sax"", ""Soprano Sax"", ""Baritone Sax""]","[""q102_1247352.mp3""]","[""audio"", ""text""]",text,Instrumentation,"[""Sound Texture""]",Medium
hummusqa_q_103,hummusqa,"[""music""]",What is the time signature of the tune?,"[""2/2""]","[""3/4"", ""6/8"", ""3/8""]","[""q103_625206.mp3""]","[""audio"", ""text""]",text,Metre and Rhythm,[],Medium
hummusqa_q_104,hummusqa,"[""music""]",What kind of bass is used in the song?,"[""Electric bass""]","[""upright bass"", ""baby bass"", ""acoustic bass guitar""]","[""q104_625206.mp3""]","[""audio"", ""text""]",text,Instrumentation,"[""Sound Texture""]",Medium
hummusqa_q_105,hummusqa,"[""music""]",What part of the drums is used to set the beat in the intro?,"[""Hi hats""]","[""Ride cymbal"", ""Snare drum"", ""Kick drum""]","[""q105_625206.mp3""]","[""audio"", ""text""]",text,Instrumentation,"[""Metre and Rhythm""]",Medium
hummusqa_q_106,hummusqa,"[""music""]",What kind of jazz ensemble plays the song?,"[""Trio""]","[""Quartet"", ""Quintet"", ""Duo""]","[""q106_395289.mp3""]","[""audio"", ""text""]",text,Instrumentation,"[""Genre and Style""]",Low
hummusqa_q_107,hummusqa,"[""music""]",What kind of rhythm is used by the bass line in the intro?,"[""Syncopation""]","[""Polyrhythm"", ""Walking"", ""Straight eighths""]","[""q107_2083.mp3""]","[""audio"", ""text""]",text,Metre and Rhythm,"[""Instrumentation""]",Medium
hummusqa_q_108,hummusqa,"[""music""]",What style of jazz would you say this tune is?,"[""Lounge""]","[""Lo Fi"", ""Bebop"", ""Swing""]","[""q108_2083.mp3""]","[""audio"", ""text""]",text,Genre and Style,"[""Mood and Expression""]",Low
hummusqa_q_109,hummusqa,"[""music""]",Which instrument predominates in the solos?,"[""Upright bass""]","[""Voice"", ""Synths"", ""Drums""]","[""q109_2083.mp3""]","[""audio"", ""text""]",text,Instrumentation,"[""Performance""]",Low
hummusqa_q_110,hummusqa,"[""music""]",Which piano technique is used during this part of the song?,"[""Broken chords""]","[""Block chords"", ""Power chords"", ""Counterpoint""]","[""q110_1336202.mp3""]","[""audio"", ""text""]",text,Performance,"[""Musical Texture"", ""Instrumentation""]",Medium
hummusqa_q_111,hummusqa,"[""music""]",What could this music be used for?,"[""Soundtrack""]","[""Jazz Club"", ""Party music"", ""Funeral""]","[""q111_1336202.mp3""]","[""audio"", ""text""]",text,Functional Context,"[""Genre and Style""]",Low
hummusqa_q_112,hummusqa,"[""music""]",Which instrument is used to create contrast?,"[""Cello""]","[""Violin"", ""Bass"", ""Viola""]","[""q112_1336202.mp3""]","[""audio"", ""text""]",text,Instrumentation,[],Medium
hummusqa_q_113,hummusqa,"[""music""]",Which country do you think the music is from?,"[""Jamaica""]","[""France"", ""India"", ""Mexico""]","[""q113_1327741.mp3""]","[""audio"", ""text""]",text,Historical and Cultural Context,"[""Genre and Style""]",Low
hummusqa_q_114,hummusqa,"[""music""]",What kind of scale is used in the guitar motif?,"[""E minor""]","[""Eb minor pentatonic"", ""Eb Major"", ""E-flat minor blues""]","[""q114_1327741.mp3""]","[""audio"", ""text""]",text,Melody,[],High
hummusqa_q_115,hummusqa,"[""music""]",Which piano technique predominantly is used during the accompaniment?,"[""Rhythmic Arpeggios""]","[""Counterpoint"", ""Block chords"", ""Rhythm comping""]","[""q115_1327741.mp3""]","[""audio"", ""text""]",text,Musical Texture,"[""Performance"", ""Instrumentation""]",Medium
hummusqa_q_116,hummusqa,"[""music""]",What type of harmonic progression predominates in the song?,"[""ii-V-I""]","[""ii-V-iv"", ""I-IV-V"", ""I-iii-ii""]","[""q116_1162034.mp3""]","[""audio"", ""text""]",text,Harmony,[],High
hummusqa_q_117,hummusqa,"[""music""]",There is a motif that is constantly repeated throughout the solo. Do you know which one?,"[""B4-D5-G4-B4-E4-G4""]","[""B4-A4-G4-B4-C5"", ""A4-F#4-G4-B4-C5"", ""G4-A4-B4-A4-G4""]","[""q117_1162034.mp3""]","[""audio"", ""text""]",text,Melody,"[""Structure""]",High
hummusqa_q_118,hummusqa,"[""music""]",What kind of jazz ensemble plays the song?,"[""Quartet""]","[""Trio"", ""Quintet"", ""Duo""]","[""q118_1162034.mp3""]","[""audio"", ""text""]",text,Instrumentation,"[""Genre and Style""]",Low
hummusqa_q_119,hummusqa,"[""music""]",What impression does the singer aim to create with her singing style?,"[""naturality""]","[""complicated arrangements"", ""elaborate harmonies"", ""complicated vocal effects""]","[""q119_1227239.mp3""]","[""audio"", ""text""]",text,Mood and Expression,"[""Performance""]",Low
hummusqa_q_120,hummusqa,"[""music""]",There is a chord that is out of key. Do you know which one?,"[""Second chord of the chorus""]","[""First chord of the verse"", ""First chord of the chorus"", ""First chord of part C""]","[""q120_1227239.mp3""]","[""audio"", ""text""]",text,Harmony,"[""Structure""]",Medium
hummusqa_q_121,hummusqa,"[""music""]",Which instrument stands out at the front of the mix?,"[""Vocals""]","[""Drums"", ""Organ"", ""Bass""]","[""q121_1227239.mp3""]","[""audio"", ""text""]",text,Instrumentation,"[""Sound Texture""]",Low
hummusqa_q_122,hummusqa,"[""music""]",What is the main part of this song?,"[""the solos""]","[""the verse"", ""the chorus"", ""the intro""]","[""q122_114772.mp3""]","[""audio"", ""text""]",text,Structure,"[""Performance""]",Medium
hummusqa_q_123,hummusqa,"[""music""]",How would you describe the comping style of the double bass?,"[""walking bass""]","[""chromatic passing notes"", ""chromatic chords"", ""harmonized melody""]","[""q123_114772.mp3""]","[""audio"", ""text""]",text,Harmony,"[""Metre and Rhythm"", ""Instrumentation"", ""Musical Texture"", ""Performance""]",Medium
hummusqa_q_124,hummusqa,"[""music""]",What effect does the piano aim to create when playing the pedal point?,"[""tension""]","[""consonance"", ""stability"", ""release""]","[""q124_114772.mp3""]","[""audio"", ""text""]",text,Musical Texture,"[""Harmony"", ""Mood and Expression""]",Low
hummusqa_q_125,hummusqa,"[""music""]",What is the main purpose of this song?,"[""to make people dance""]","[""to create interesting melodies"", ""to mix different music styles"", ""to create a song for an advertisement""]","[""q125_187621.mp3""]","[""audio"", ""text""]",text,Functional Context,"[""Mood and Expression"", ""Genre and Style""]",Low
hummusqa_q_126,hummusqa,"[""music""]",What emotion is mainly conveyed in this song?,"[""joy""]","[""sadness"", ""anger"", ""disgust""]","[""q126_187621.mp3""]","[""audio"", ""text""]",text,Mood and Expression,[],Low
hummusqa_q_127,hummusqa,"[""music""]",Which instrumental section give this tune its unique sound?,"[""brass section""]","[""string section"", ""digital synths section"", ""vocals""]","[""q127_187621.mp3""]","[""audio"", ""text""]",text,Instrumentation,"[""Sound Texture""]",Low
hummusqa_q_128,hummusqa,"[""music""]",Why would you say this is a rumba?,"[""because of the rhythm of the background guitar""]","[""because of the chords"", ""because of the instruments"", ""because people are clapping""]","[""q128_332470.mp3""]","[""audio"", ""text""]",text,Metre and Rhythm,"[""Genre and Style""]",Medium
hummusqa_q_129,hummusqa,"[""music""]",Which country do you think this music is from?,"[""Spain""]","[""Cuba"", ""Mexico"", ""Colombia""]","[""q129_332470.mp3""]","[""audio"", ""text""]",text,Historical and Cultural Context,"[""Genre and Style"", ""Instrumentation""]",Low
hummusqa_q_130,hummusqa,"[""music""]",What intervals create dissonance in the background guitar?,"[""4ths""]","[""fifths"", ""octaves"", ""Unison""]","[""q130_332470.mp3""]","[""audio"", ""text""]",text,Melody,"[""Harmony""]",Medium
hummusqa_q_131,hummusqa,"[""music""]",What technique does this introduction aim to recreate?,"[""Sampling""]","[""synthesizing sound"", ""tape machine"", ""sound generators""]","[""q131_182074.mp3""]","[""audio"", ""text""]",text,Sound Texture,[],Low
hummusqa_q_132,hummusqa,"[""music""]",What gives the drums their unique house jazz sound?,"[""Ride""]","[""snare"", ""kick"", ""hi-hat""]","[""q132_182074.mp3""]","[""audio"", ""text""]",text,Instrumentation,"[""Sound Texture"", ""Performance"", ""Genre and Style""]",Medium
hummusqa_q_133,hummusqa,"[""music""]","What might be a reason this song is called ""Scattered Knowledge""?","[""because there are many audio sample scattered throughout the song""]","[""Because the melody sounds scattered"", ""because of the drums"", ""because of the bass""]","[""q133_182074.mp3""]","[""audio"", ""text""]",text,Sound Texture,"[""Instrumentation"", ""Structure""]",Low
hummusqa_q_134,hummusqa,"[""music""]",What rhythmic pattern is used by the percussion throughout the entire song?,"[""3+3+2""]","[""3+3+3"", ""3+2+3"", ""4+4+2""]","[""q134_172015.mp3""]","[""audio"", ""text""]",text,Metre and Rhythm,"[""Instrumentation""]",High
hummusqa_q_135,hummusqa,"[""music""]",Which region of the world do you think the rhythm is from?,"[""Arab world""]","[""South American"", ""East European"", ""Mediterranean""]","[""q135_172015.mp3""]","[""audio"", ""text""]",text,Metre and Rhythm,"[""Historical and Cultural Context"", ""Genre and Style""]",Low
hummusqa_q_136,hummusqa,"[""music""]",What kind of accompaniment instruments are used in the song?,"[""Digital Synths""]","[""Acoustic strings"", ""Acoustic pianos"", ""Electric guitar""]","[""q136_172015.mp3""]","[""audio"", ""text""]",text,Instrumentation,"[""Sound Texture""]",Low
hummusqa_q_137,hummusqa,"[""music""]",Where do you think the song could be played?,"[""Lounge bar""]","[""Jazz Club"", ""Concert Hall"", ""Open Air Concert""]","[""q137_250001.mp3""]","[""audio"", ""text""]",text,Functional Context,"[""Genre and Style""]",Low
hummusqa_q_138,hummusqa,"[""music""]",Which instrument predominates in the solos?,"[""Vibraphone""]","[""Piano"", ""Bass"", ""Voice""]","[""q138_250001.mp3""]","[""audio"", ""text""]",text,Instrumentation,"[""Performance""]",Medium
hummusqa_q_139,hummusqa,"[""music""]",What type of articulation is used by lead synth in the introduction?,"[""Legato""]","[""Tenuto"", ""Marcato"", ""Pizzicato""]","[""q139_250001.mp3""]","[""audio"", ""text""]",text,Performance,"[""Instrumentation"", ""Sound Texture""]",Medium
hummusqa_q_140,hummusqa,"[""music""]",Which instrument predominates in the accompaniment?,"[""Ukulele""]","[""Mandolin"", ""Cuatro Venezolano"", ""Electric guitar""]","[""q140_1138688.mp3""]","[""audio"", ""text""]",text,Instrumentation,"[""Sound Texture""]",Medium
hummusqa_q_141,hummusqa,"[""music""]",Where is this kind of string instrument mostly used?,"[""South america""]","[""Africa"", ""Europe"", ""Asia""]","[""q141_1138688.mp3""]","[""audio"", ""text""]",text,Historical and Cultural Context,"[""Instrumentation""]",Low
hummusqa_q_142,hummusqa,"[""music""]",What kind of emotions does the song evoke?,"[""Joy""]","[""Disgust"", ""Fear"", ""Anger""]","[""q142_1138688.mp3""]","[""audio"", ""text""]",text,Mood and Expression,[],Low
hummusqa_q_143,hummusqa,"[""music""]",What is the predominant key in the intro?,"[""B-flat Major""]","[""E-flat Major"", ""C minor"", ""A minor""]","[""q143_14458.mp3""]","[""audio"", ""text""]",text,Harmony,"[""Structure"", ""Melody""]",High
hummusqa_q_144,hummusqa,"[""music""]",What type of interval is created between the lead voice and the backing vocalist?,"[""Major intervals""]","[""Minor intervals"", ""Diminished intervals"", ""Augmented intervals""]","[""q144_14458.mp3""]","[""audio"", ""text""]",text,Melody,"[""Harmony""]",High
hummusqa_q_145,hummusqa,"[""music""]",What instrument is used to introduce the climax of the song?,"[""Tambourine""]","[""Toms"", ""Cymbal"", ""Hi-hats""]","[""q145_14458.mp3""]","[""audio"", ""text""]",text,Instrumentation,"[""Structure""]",Low
hummusqa_q_146,hummusqa,"[""music""]",What kind of technique best describes the bass line?,"[""Repeating Pattern""]","[""Root Fifth"", ""Heavy Eighths"", ""Slap""]","[""q146_179608.mp3""]","[""audio"", ""text""]",text,Musical Texture,"[""Performance"", ""Metre and Rhythm"", ""Harmony""]",Low
hummusqa_q_147,hummusqa,"[""music""]",How are the sustained guitar chords being played in the verse?,"[""Long duration""]","[""Breakdown"", ""Straight"", ""Arpeggiato""]","[""q147_179608.mp3""]","[""audio"", ""text""]",text,Performance,"[""Musical Texture""]",Low
hummusqa_q_148,hummusqa,"[""music""]",What is the main musical feature of the outro?,"[""Instrumental""]","[""Climax"", ""Voice solo"", ""Guitar solo""]","[""q148_179608.mp3""]","[""audio"", ""text""]",text,Instrumentation,"[""Structure"", ""Performance""]",Low
hummusqa_q_149,hummusqa,"[""music""]",How many times is the main theme played in the intro?,"[""2""]","[""1"", ""3"", ""7""]","[""q149_150794.mp3""]","[""audio"", ""text""]",text,Structure,"[""Melody""]",Medium
hummusqa_q_150,hummusqa,"[""music""]",Which is the main instrument that plays in the song?,"[""Guitar""]","[""Bass"", ""Drums"", ""Piano""]","[""q150_150794.mp3""]","[""audio"", ""text""]",text,Instrumentation,[],Low
hummusqa_q_151,hummusqa,"[""music""]",What kind of guitars are playing at the end of the song?,"[""Acoustic & electric""]","[""Electic only"", ""Only acoustic"", ""Bass guitars""]","[""q151_150794.mp3""]","[""audio"", ""text""]",text,Instrumentation,"[""Structure""]",Low
hummusqa_q_152,hummusqa,"[""music""]",Where is this type of music usually played?,"[""Clubs""]","[""Bars"", ""Concert halls"", ""Jazz clubs""]","[""q152_1051378.mp3""]","[""audio"", ""text""]",text,Functional Context,"[""Performance""]",Low
hummusqa_q_153,hummusqa,"[""music""]",What kind of instruments are used in the song?,"[""Digital Synths""]","[""Acoustic"", ""Strings"", ""Brass""]","[""q153_1051378.mp3""]","[""audio"", ""text""]",text,Instrumentation,"[""Sound Texture""]",Low
hummusqa_q_154,hummusqa,"[""music""]",What key is used in the break?,"[""F major""]","[""C major"", ""Bb major"", ""D major""]","[""q154_1051378.mp3""]","[""audio"", ""text""]",text,Harmony,"[""Structure""]",Medium
hummusqa_q_155,hummusqa,"[""music""]",What mood do you think the song conveys?,"[""optimistic""]","[""relaxing"", ""epic"", ""boring""]","[""q155_1199044.mp3""]","[""audio"", ""text""]",text,Mood and Expression,"[""Performance"", ""Lyrics""]",Low
hummusqa_q_156,hummusqa,"[""music""]",How would you describe the sound of the snare?,"[""muddy""]","[""clean"", ""focused"", ""boring""]","[""q156_1199044.mp3""]","[""audio"", ""text""]",text,Sound Texture,"[""Instrumentation"", ""Performance""]",Medium
hummusqa_q_157,hummusqa,"[""music""]",What instrument adds syncopation to the verse?,"[""piano""]","[""guitar"", ""bass"", ""saxophone""]","[""q157_1199044.mp3""]","[""audio"", ""text""]",text,Metre and Rhythm,"[""Instrumentation""]",Medium
hummusqa_q_158,hummusqa,"[""music""]",What musical style do the arpeggios remind you of?,"[""Impressionism""]","[""Classicism"", ""Contemporary academic music"", ""Baroque""]","[""q158_14014.mp3""]","[""audio"", ""text""]",text,Genre and Style,"[""Musical Texture"", ""Harmony""]",Medium
hummusqa_q_159,hummusqa,"[""music""]",What can you say about the harmony?,"[""It's tonal harmony without dissonances""]","[""It's tonal harmony with quite a lot of dissonances"", ""It's modal harmony"", ""It's polytonal""]","[""q159_14014.mp3""]","[""audio"", ""text""]",text,Harmony,[],Medium
hummusqa_q_160,hummusqa,"[""music""]",What can you say about the bass notes?,"[""It describes a melodic line""]","[""It does not describe a melodic line"", ""It always plays the tonic or the dominant"", ""It plays random notes""]","[""q160_14014.mp3""]","[""audio"", ""text""]",text,Melody,"[""Musical Texture"", ""Harmony""]",Medium
hummusqa_q_161,hummusqa,"[""music""]",What would you add to the drums to make them more present?,"[""A compressor""]","[""An equalizer"", ""I would duplicate the track"", ""I would play it in mono""]","[""q161_1177896.mp3""]","[""audio"", ""text""]",text,Sound Texture,"[""Performance""]",High
hummusqa_q_162,hummusqa,"[""music""]",What can you say about the harmonic structure?,"[""It is similar to a blues with some variations""]","[""It is a blues structure"", ""It has a pop structure"", ""It has a rock structure""]","[""q162_1177896.mp3""]","[""audio"", ""text""]",text,Harmony,"[""Genre and Style"", ""Structure""]",Medium
hummusqa_q_163,hummusqa,"[""music""]",Which age group is most likely to listen to this tune?,"["">40""]","[""30–40"", ""20–30"", ""10–20""]","[""q163_1177896.mp3""]","[""audio"", ""text""]",text,Functional Context,"[""Historical and Cultural Context""]",Low
hummusqa_q_164,hummusqa,"[""music""]",Why can you say the piano is not acoustic?,"[""It doesn't have decay""]","[""The attack is to long"", ""The tuning"", ""The voicing""]","[""q164_1227240.mp3""]","[""audio"", ""text""]",text,Sound Texture,"[""Performance"", ""Instrumentation""]",Medium
hummusqa_q_165,hummusqa,"[""music""]","What notes are sung by the vocals when the lyrics say ""This is the loneliest""?","[""C# - E""]","[""C# - F"", ""C# - D#"", ""C# - F#""]","[""q165_1227240.mp3""]","[""audio"", ""text""]",text,Melody,[],High
hummusqa_q_166,hummusqa,"[""music""]",What mood does the synth create at the end of the song?,"[""dreamy""]","[""happy"", ""optimistic"", ""sad""]","[""q166_1227240.mp3""]","[""audio"", ""text""]",text,Mood and Expression,"[""Instrumentation"", ""Sound Texture""]",Low
hummusqa_q_167,hummusqa,"[""music""]",What is the rhythm feeling of the vocals in the chorus?,"[""swinged""]","[""straight"", ""laid back"", ""accelerando""]","[""q167_7096.mp3""]","[""audio"", ""text""]",text,Metre and Rhythm,"[""Performance""]",Medium
hummusqa_q_168,hummusqa,"[""music""]","Right before the first verse, there are chords that are reminiscent of a particular jazz style. Do you know which one?","[""Modal jazz""]","[""Be bop"", ""Hard bop"", ""Fusion jazz""]","[""q168_7096.mp3""]","[""audio"", ""text""]",text,Genre and Style,"[""Harmony""]",High
hummusqa_q_169,hummusqa,"[""music""]",The chorus starts with two descending notes in the bass. Can you determine the intervallic movement?,"[""Chromatic""]","[""diatonic"", ""hexatonic"", ""pentatonic""]","[""q169_7096.mp3""]","[""audio"", ""text""]",text,Melody,"[""Harmony""]",Medium
hummusqa_q_170,hummusqa,"[""music""]",There is an harmonic dissonance in the fourth eighth note of the piano introduction. Can you determine the interval?,"[""major 2""]","[""minor 2"", ""major 3rd"", ""minor 3rd""]","[""q170_1103980.mp3""]","[""audio"", ""text""]",text,Harmony,"[""Melody""]",High
hummusqa_q_171,hummusqa,"[""music""]",The chorus suddenly changes the vibe of the song. How does the music create this?,"[""by modulating to the relative major key""]","[""modulating to another key"", ""playing chords with fourths"", ""thinking about something beautiful""]","[""q171_1103980.mp3""]","[""audio"", ""text""]",text,Harmony,"[""Mood and Expression"", ""Structure""]",High
hummusqa_q_172,hummusqa,"[""music""]",What instrument does the piano sound like with the arpeggio texture of the introduction?,"[""guitar""]","[""bass guitar"", ""cello"", ""synthesizer""]","[""q172_1103980.mp3""]","[""audio"", ""text""]",text,Instrumentation,"[""Sound Texture"", ""Musical Texture""]",Low
hummusqa_q_173,hummusqa,"[""music""]",What mode is used in the exposition of the melody?,"[""Phrygian""]","[""Locrian"", ""Hungarian minor"", ""Arabic""]","[""q173_121123.mp3""]","[""audio"", ""text""]",text,Melody,"[""Harmony""]",High
hummusqa_q_174,hummusqa,"[""music""]",What is the subdivision of the beats in this tune?,"[""Ternary and binary""]","[""Ternary"", ""Binary"", ""Quaternary""]","[""q174_121123.mp3""]","[""audio"", ""text""]",text,Metre and Rhythm,[],Medium
hummusqa_q_175,hummusqa,"[""music""]",What time signature would you say this is?,"[""7/8""]","[""12/16"", ""5/4"", ""6/8""]","[""q175_121123.mp3""]","[""audio"", ""text""]",text,Metre and Rhythm,[],High
hummusqa_q_176,hummusqa,"[""music""]",What type of rhythm is used in the guitar introduction?,"[""shuffle""]","[""swing"", ""straight notes"", ""eighth notes""]","[""q176_1076450.mp3""]","[""audio"", ""text""]",text,Metre and Rhythm,[],Medium
hummusqa_q_177,hummusqa,"[""music""]",What instruments seem to duplicate the melody in the beginning of the verse?,"[""guitar and vocals""]","[""guitar and bass"", ""guitar and piano"", ""vocals and piano""]","[""q177_1076450.mp3""]","[""audio"", ""text""]",text,Instrumentation,"[""Musical Texture"", ""Melody""]",Medium
hummusqa_q_178,hummusqa,"[""music""]","What is the most important word in the vocal melody, taking into account the melodic contour?","[""Frontline""]","[""Me"", ""meet"", ""you""]","[""q178_1076450.mp3""]","[""audio"", ""text""]",text,Melody,"[""Lyrics""]",Medium
hummusqa_q_179,hummusqa,"[""music""]",When are the electric guitar chords played in the introduction?,"[""Downbeat and upbeat""]","[""Upbeat"", ""Odd beats"", ""Downbeat""]","[""q179_1407836.mp3""]","[""audio"", ""text""]",text,Metre and Rhythm,"[""Instrumentation"", ""Structure""]",Medium
hummusqa_q_180,hummusqa,"[""music""]",Which type of radio station would be more likely to play this tune?,"[""Commercial radio station""]","[""Alternative music radio station"", ""Rock radio station"", ""World music radio station""]","[""q180_1407836.mp3""]","[""audio"", ""text""]",text,Functional Context,"[""Genre and Style""]",Low
hummusqa_q_181,hummusqa,"[""music""]","If you were a teacher, at which moment of the lesson would you use this song?","[""Beginning""]","[""End"", ""Middle"", ""All of them""]","[""q181_1407836.mp3""]","[""audio"", ""text""]",text,Functional Context,[],Low
hummusqa_q_182,hummusqa,"[""music""]",What could be the meaning of the lyrics?,"[""The girl is pregnant""]","[""The girl wants to return to the relationship with the singer."", ""The girl is in another unsuccessful relationship."", ""The girl only thinks about another girl""]","[""q182_357330.mp3""]","[""audio"", ""text""]",text,Lyrics,"[""Mood and Expression""]",Low
hummusqa_q_183,hummusqa,"[""music""]",What is the rhythm pattern of the bass?,"[""Cumbia""]","[""Salsa"", ""Bossa Nova"", ""Bolero""]","[""q183_357330.mp3""]","[""audio"", ""text""]",text,Metre and Rhythm,"[""Genre and Style"", ""Instrumentation""]",Medium
hummusqa_q_184,hummusqa,"[""music""]",How could you interpret this song from a feminist perspective?,"[""It is expressing jealousy""]","[""It would be the same if a girl sang this song."", ""It creates nostalgia, which can actually be good after a relationship."", ""It has a happy mood.""]","[""q184_357330.mp3""]","[""audio"", ""text""]",text,Lyrics,"[""Mood and Expression"", ""Historical and Cultural Context""]",Low
hummusqa_q_185,hummusqa,"[""music""]",What harmonic progression can be heard in the introduction?,"[""ii-V-I over the sixth chord""]","[""I-VII-III"", ""I-ii-V"", ""V-ii-I""]","[""q185_661634.mp3""]","[""audio"", ""text""]",text,Harmony,"[""Structure""]",High
hummusqa_q_186,hummusqa,"[""music""]",Which musical element predominates over the others in this tune?,"[""Harmony""]","[""Rhythm"", ""Timbre"", ""Metric""]","[""q186_661634.mp3""]","[""audio"", ""text""]",text,Harmony,"[""Metre and Rhythm"", ""Sound Texture""]",Medium
hummusqa_q_187,hummusqa,"[""music""]",How does this tune enhance the tonal harmony?,"[""secondary dominants""]","[""modulation"", ""polyrhythms"", ""polyphony""]","[""q187_661634.mp3""]","[""audio"", ""text""]",text,Harmony,[],High
hummusqa_q_188,hummusqa,"[""music""]",What brass instruments are played in the intro?,"[""Trumpets & trombones""]","[""Only trumpets"", ""Saxophones and trombones"", ""Saxophones and trumpets""]","[""q188_312915.mp3""]","[""audio"", ""text""]",text,Instrumentation,"[""Structure""]",Medium
hummusqa_q_189,hummusqa,"[""music""]",How are the phrases distributed among the brass section in the intro?,"[""The first phrase played by two trumpets and responded with other phrase by the trombones in unison""]","[""All the brass section plays together"", ""Trumpets play the phrase and it is repeated by trombones"", ""Every voice plays a different phrase""]","[""q189_312915.mp3""]","[""audio"", ""text""]",text,Instrumentation,"[""Musical Texture""]",Medium
hummusqa_q_190,hummusqa,"[""music""]",What region of the world does this type of rhythm usually remind you of?,"[""Latin America""]","[""North America"", ""Africa"", ""Europe""]","[""q190_312915.mp3""]","[""audio"", ""text""]",text,Metre and Rhythm,"[""Historical and Cultural Context"", ""Genre and Style""]",Low
hummusqa_q_191,hummusqa,"[""music""]",What is the main string instrument in the song apart from the ukulele?,"[""Banjo""]","[""Only ukulele"", ""Guitar"", ""Bass""]","[""q191_1381590.mp3""]","[""audio"", ""text""]",text,Instrumentation,"[""Sound Texture""]",Low
hummusqa_q_192,hummusqa,"[""music""]",How many voices are recorded in the song?,"[""Two voices singing in unison""]","[""Two voices singing in thirds"", ""Only one voice"", ""Three voices singing in unison""]","[""q192_1381590.mp3""]","[""audio"", ""text""]",text,Musical Texture,"[""Performance"", ""Instrumentation""]",Medium
hummusqa_q_193,hummusqa,"[""music""]",Which percussion instruments are played in the song?,"[""Bass drum, shaker & tambourine""]","[""Bass drum & hi-hats"", ""Full drum set""]","[""q193_1381590.mp3""]","[""audio"", ""text""]",text,Instrumentation,"[""Sound Texture""]",Medium
hummusqa_q_194,hummusqa,"[""music""]",What kind of guitar technique is used in this song?,"[""Flamenco technique""]","[""Picking"", ""Pull-off technique"", ""String bending""]","[""q194_1268901.mp3""]","[""audio"", ""text""]",text,Performance,"[""Instrumentation"", ""Genre and Style""]",Low
hummusqa_q_195,hummusqa,"[""music""]",What mode is used in the song?,"[""Aeolian""]","[""Lydian"", ""Mixolydian"", ""Locrian""]","[""q195_1268901.mp3""]","[""audio"", ""text""]",text,Melody,"[""Harmony""]",High
hummusqa_q_196,hummusqa,"[""music""]",What is the first chord played by the guitarist?,"[""F minor""]","[""F major"", ""D minor"", ""G minor""]","[""q196_1268901.mp3""]","[""audio"", ""text""]",text,Harmony,"[""Instrumentation""]",High
hummusqa_q_197,hummusqa,"[""music""]",What is the name of the rhythm used by the drums during this period?,"[""Half time shuffle""]","[""Motown groove"", ""Million dollar beat"", ""Four on the floor""]","[""q197_1078326.mp3""]","[""audio"", ""text""]",text,Metre and Rhythm,"[""Performance""]",Medium
hummusqa_q_198,hummusqa,"[""music""]",Which cymbal does the drummer use in the bridge?,"[""Ride cymbal""]","[""Crash cymbal"", ""Hi-hats"", ""Splash cymbal""]","[""q198_1078326.mp3""]","[""audio"", ""text""]",text,Instrumentation,"[""Structure"", ""Performance""]",Medium
hummusqa_q_199,hummusqa,"[""music""]",What is the predominant component used by the synth during the solo?,"[""Glide effect""]","[""The modulation wheel"", ""The sustain"", ""The output volume""]","[""q199_1078326.mp3""]","[""audio"", ""text""]",text,Sound Texture,"[""Performance"", ""Instrumentation""]",Medium
hummusqa_q_200,hummusqa,"[""music""]",What instruments are used in the intro as accompaniment to the voice?,"[""Synth piano and synth drums""]","[""Acoustic piano and acoustic drums"", ""Guitars and drums"", ""Bass and drums""]","[""q200_1121398.mp3""]","[""audio"", ""text""]",text,Instrumentation,"[""Sound Texture"", ""Musical Texture""]",Medium
hummusqa_q_201,hummusqa,"[""music""]","Hearing the voice, is it a native English speaker singing?","[""No""]","[""Yes"", ""It is not clear"", ""It could be""]","[""q201_1121398.mp3""]","[""audio"", ""text""]",text,Performance,"[""Lyrics""]",Low
hummusqa_q_202,hummusqa,"[""music""]",What kind of synth effects are used to create more anticipation for the chorus?,"[""Reverbs, Phasers and Distortion""]","[""EQ and Compressors"", ""Tremolo and flangers"", ""Chorus and EQ""]","[""q202_1121398.mp3""]","[""audio"", ""text""]",text,Sound Texture,"[""Structure""]",Medium
hummusqa_q_203,hummusqa,"[""music""]",What is the main pedal effect used in the guitar solo?,"[""Distortion pedal""]","[""Delay Pedal"", ""Chorus Pedal"", ""Phaser Pedal""]","[""q203_962064.mp3""]","[""audio"", ""text""]",text,Sound Texture,"[""Instrumentation""]",Low
hummusqa_q_204,hummusqa,"[""music""]",What is the scale predominantly used by the singer?,"[""F# minor pentatonic""]","[""F minor"", ""F minor pentatonic"", ""Fm blues""]","[""q204_962064.mp3""]","[""audio"", ""text""]",text,Melody,[],High
hummusqa_q_205,hummusqa,"[""music""]",What kind of accompaniment is the ukulele using in the intro?,"[""Arpeggio patterns""]","[""Chord patterns"", ""Syncopated patterns"", ""Strumming""]","[""q205_1221864.mp3""]","[""audio"", ""text""]",text,Musical Texture,"[""Performance"", ""Instrumentation""]",Medium
hummusqa_q_206,hummusqa,"[""music""]",What chord is the ukulele playing in the intro?,"[""C6""]","[""A diminished"", ""A minor"", ""C7""]","[""q206_1221864.mp3""]","[""audio"", ""text""]",text,Harmony,"[""Instrumentation"", ""Structure""]",High
hummusqa_q_207,hummusqa,"[""music""]",What kind of percussion is used for the bass drum?,"[""Cajon""]","[""Acoustic bass tom"", ""Floor tom"", ""Snare drum""]","[""q207_1221864.mp3""]","[""audio"", ""text""]",text,Instrumentation,[],Medium
hummusqa_q_208,hummusqa,"[""music""]",What technique does the drummer use on the snare drum to mark the upbeat during the intro?,"[""Close rim-shot""]","[""Open rim-shot"", ""General punch"", ""Overtone rim-shot""]","[""q208_1374348.mp3""]","[""audio"", ""text""]",text,Performance,"[""Instrumentation"", ""Metre and Rhythm""]",High
hummusqa_q_209,hummusqa,"[""music""]",What is the instrumentation of the piece?,"[""Synth Piano, Guitar, Bass & Drums""]","[""Synth Piano, Bass & Drums"", ""Guitar, Bass & Drums"", ""Piano and Drums""]","[""q209_1374348.mp3""]","[""audio"", ""text""]",text,Instrumentation,[],Low
hummusqa_q_210,hummusqa,"[""music""]",What kind of feeling do the acoustic guitar solos in the song produce?,"[""Calming & relaxing""]","[""Dreamy"", ""Energizing"", ""Depressing""]","[""q210_1374348.mp3""]","[""audio"", ""text""]",text,Mood and Expression,"[""Instrumentation"", ""Performance""]",Low
hummusqa_q_211,hummusqa,"[""music""]",What type of drum sticks are being used to accompany the song?,"[""Drum Brushes""]","[""Rods"", ""Mallets"", ""Standard sticks""]","[""q211_336086.mp3""]","[""audio"", ""text""]",text,Instrumentation,"[""Performance"", ""Sound Texture""]",Medium
hummusqa_q_212,hummusqa,"[""music""]",How many guitars are playing during the song?,"[""2""]","[""3"", ""1""]","[""q212_336086.mp3""]","[""audio"", ""text""]",text,Instrumentation,[],Medium
hummusqa_q_213,hummusqa,"[""music""]",What type of guitar is playing the accompaniment?,"[""Acoustic guitar""]","[""Electric guitar"", ""Bass guitar"", ""Flamenco guitar""]","[""q213_336086.mp3""]","[""audio"", ""text""]",text,Instrumentation,"[""Sound Texture""]",Low
hummusqa_q_214,hummusqa,"[""music""]",What genre does the song evoke?,"[""Songwriting""]","[""Country pop"", ""Pop rock"", ""Dance pop""]","[""q214_1298301.mp3""]","[""audio"", ""text""]",text,Genre and Style,[],Low
hummusqa_q_215,hummusqa,"[""music""]",What type of technique is the guitar using during the chorus?,"[""Slapping""]","[""Palm Muting"", ""String bending"", ""Tapping""]","[""q215_1298301.mp3""]","[""audio"", ""text""]",text,Performance,"[""Instrumentation""]",Medium
hummusqa_q_216,hummusqa,"[""music""]",What musical technique is used by the guitar accompaniment to emphasize rhythm in the chorus?,"[""Back beat""]","[""On beat"", ""Cross beat"", ""Down beat""]","[""q216_1298301.mp3""]","[""audio"", ""text""]",text,Metre and Rhythm,"[""Instrumentation"", ""Performance""]",Medium
hummusqa_q_217,hummusqa,"[""music""]",What is the time signature of the intro of the piece?,"[""3/4""]","[""9/8"", ""6/8"", ""12/4""]","[""q217_770629.mp3""]","[""audio"", ""text""]",text,Metre and Rhythm,"[""Structure""]",Medium
hummusqa_q_218,hummusqa,"[""music""]",For what type of music was this song made?,"[""Movie Soundtrack""]","[""Waltz dancing"", ""Lounge bar"", ""Jazz bar""]","[""q218_770629.mp3""]","[""audio"", ""text""]",text,Functional Context,"[""Genre and Style""]",Low
hummusqa_q_219,hummusqa,"[""music""]",How many bars does the drum play in the intro before the guitar comes in?,"[""4""]","[""6"", ""8"", ""2""]","[""q219_1133179.mp3""]","[""audio"", ""text""]",text,Structure,"[""Metre and Rhythm"", ""Instrumentation""]",Medium
hummusqa_q_220,hummusqa,"[""music""]",What type of snare drum is the drummer using?,"[""Piccolo""]","[""Metal"", ""Wood"", ""Marching""]","[""q220_1133179.mp3""]","[""audio"", ""text""]",text,Instrumentation,[],Medium
hummusqa_q_221,hummusqa,"[""music""]",Is the singer a native English speaker?,"[""No""]","[""Yes"", ""Probably"", ""Can't tell""]","[""q221_1133179.mp3""]","[""audio"", ""text""]",text,Performance,"[""Lyrics"", ""Sound Texture""]",Low
hummusqa_q_222,hummusqa,"[""music""]",What is the key of the bass pattern?,"[""Bb minor""]","[""F major"", ""C minor"", ""G minor""]","[""q222_1227366.mp3""]","[""audio"", ""text""]",text,Harmony,[],High
hummusqa_q_223,hummusqa,"[""music""]",What extended technique is used by the flutist during the solo?,"[""Flutter tonguing""]","[""Shake"", ""Spitting"", ""Jet whistle""]","[""q223_1227366.mp3""]","[""audio"", ""text""]",text,Performance,"[""Sound Texture"", ""Instrumentation""]",High
hummusqa_q_224,hummusqa,"[""music""]",What percussion instruments are playing during the song?,"[""Tambourine & cow bell""]","[""Cajon"", ""Triangle"", ""marimba""]","[""q224_1227366.mp3""]","[""audio"", ""text""]",text,Instrumentation,"[""Sound Texture""]",Low
hummusqa_q_225,hummusqa,"[""music""]",How does the song begin?,"[""tetric""]","[""anacrusis"", ""acephalous"", ""a combination of all three""]","[""q225_26435.mp3""]","[""audio"", ""text""]",text,Metre and Rhythm,"[""Structure""]",High
hummusqa_q_226,hummusqa,"[""music""]",What is this genre of music good for?,"[""studying and working""]","[""partying"", ""exercising"", ""a parade""]","[""q226_26435.mp3""]","[""audio"", ""text""]",text,Functional Context,"[""Mood and Expression"", ""Genre and Style""]",Low
hummusqa_q_227,hummusqa,"[""music""]",Which of these options is most related to this song?,"[""bedroom producer""]","[""racial protests"", ""avant-garde music"", ""futurism""]","[""q227_26435.mp3""]","[""audio"", ""text""]",text,Functional Context,"[""Genre and Style"", ""Sound Texture"", ""Performance""]",Medium
hummusqa_q_228,hummusqa,"[""music""]",How are the different instruments introduced in the song?,"[""progressive""]","[""all at the same time"", ""Different sections are added at different times."", ""All of them follow the vocals.""]","[""q228_7360.mp3""]","[""audio"", ""text""]",text,Instrumentation,"[""Musical Texture"", ""Structure""]",Low
hummusqa_q_229,hummusqa,"[""music""]",Which instruments make the song groovy?,"[""kick and bass""]","[""snare"", ""hi-hat"", ""vocals""]","[""q229_7360.mp3""]","[""audio"", ""text""]",text,Instrumentation,"[""Metre and Rhythm"", ""Performance""]",Medium
hummusqa_q_230,hummusqa,"[""music""]",What harmonic techniques is the composer using in the chorus?,"[""It uses secondary dominants""]","[""slash chords"", ""pedal point"", ""polytonality""]","[""q230_7360.mp3""]","[""audio"", ""text""]",text,Harmony,"[""Structure""]",High
hummusqa_q_231,hummusqa,"[""music""]",What roots would you say this song has?,"[""African""]","[""South American"", ""North American"", ""Asian""]","[""q231_1321293.mp3""]","[""audio"", ""text""]",text,Historical and Cultural Context,"[""Genre and Style""]",Low
hummusqa_q_232,hummusqa,"[""music""]",What are these lyrics about?,"[""personal empowering""]","[""love"", ""work"", ""society""]","[""q232_1321293.mp3""]","[""audio"", ""text""]",text,Lyrics,"[""Mood and Expression""]",Low
hummusqa_q_233,hummusqa,"[""music""]",What type of language is used in the lyrics of the song?,"[""Metaphoric and symbolic""]","[""Realistic"", ""Narrative"", ""Essay""]","[""q233_1321293.mp3""]","[""audio"", ""text""]",text,Lyrics,"[""Mood and Expression""]",Low
hummusqa_q_234,hummusqa,"[""music""]",To which city does the introduction of the song transport you?,"[""Granada""]","[""London"", ""Dublin"", ""Moscow""]","[""q234_156528.mp3""]","[""audio"", ""text""]",text,Mood and Expression,"[""Structure""]",Low
hummusqa_q_235,hummusqa,"[""music""]",What harmonic system is used here?,"[""Tonal and modal""]","[""Tonal"", ""Modal"", ""Atonal""]","[""q235_156528.mp3""]","[""audio"", ""text""]",text,Harmony,[],High
hummusqa_q_236,hummusqa,"[""music""]",Who do you imagine playing this song?,"[""A man""]","[""A woman"", ""A girl"", ""A boy""]","[""q236_156528.mp3""]","[""audio"", ""text""]",text,Performance,[],Low
hummusqa_q_237,hummusqa,"[""music""]",What scene does the introduction of this song remind you of?,"[""A dancer on a flamenco tablao""]","[""A football match"", ""A country house in Scandinavia"", ""People meditating""]","[""q237_270070.mp3""]","[""audio"", ""text""]",text,Mood and Expression,"[""Performance"", ""Genre and Style""]",Low
hummusqa_q_238,hummusqa,"[""music""]",What could you say about the introduction?,"[""It plays a motif from different grades of the scale""]","[""It plays the same motif always"", ""It plays random motifs"", ""There is no structure""]","[""q238_270070.mp3""]","[""audio"", ""text""]",text,Melody,"[""Structure""]",Medium
hummusqa_q_239,hummusqa,"[""music""]",What are these lyrics about?,"[""About weed and getting high""]","[""Having an infusion"", ""Getting up in the morning and having breakfast"", ""Plants""]","[""q239_270070.mp3""]","[""audio"", ""text""]",text,Lyrics,[],Low
hummusqa_q_240,hummusqa,"[""music""]","This song could have been written recently. However, its style sounds like it was written...","[""Before bebop""]","[""After bebop"", ""Before ragtime"", ""After jazz fusion""]","[""q240_1163315.mp3""]","[""audio"", ""text""]",text,Genre and Style,"[""Historical and Cultural Context""]",Medium
hummusqa_q_241,hummusqa,"[""music""]",What is the rhythmic accompaniment of the organ?,"[""Combination of downbeat & upbeat""]","[""Downbeat"", ""Upbeat"", ""Random""]","[""q241_1163315.mp3""]","[""audio"", ""text""]",text,Metre and Rhythm,"[""Instrumentation""]",Medium
hummusqa_q_242,hummusqa,"[""music""]",What instrument would mark the movement of the foot if you were to dance to this song?,"[""double bass""]","[""electric guitar"", ""saxophone"", ""drums""]","[""q242_1163315.mp3""]","[""audio"", ""text""]",text,Metre and Rhythm,"[""Instrumentation""]",Medium
hummusqa_q_243,hummusqa,"[""music""]",What element in the introduction creates intrigue?,"[""the half step in the guitar part""]","[""the bass"", ""the absence of drums"", ""the combination of instruments""]","[""q243_78733.mp3""]","[""audio"", ""text""]",text,Melody,"[""Instrumentation"", ""Mood and Expression""]",High
hummusqa_q_244,hummusqa,"[""music""]",Which instrument sometimes doubles the notes of the vocals?,"[""guitar""]","[""bass"", ""none"", ""strings""]","[""q244_78733.mp3""]","[""audio"", ""text""]",text,Instrumentation,"[""Musical Texture""]",Medium
hummusqa_q_245,hummusqa,"[""music""]",What resource is used here to make the song harmonically ambiguous?,"[""Homonymous key""]","[""Modulation to neighboring keys"", ""Each instrument plays on a different key"", ""Chord tensions""]","[""q245_78733.mp3""]","[""audio"", ""text""]",text,Harmony,[],High
hummusqa_q_246,hummusqa,"[""music""]",What interval is repeated in the bass voice?,"[""4th""]","[""8th"", ""3rd"", ""6th""]","[""q246_785425.mp3""]","[""audio"", ""text""]",text,Melody,"[""Musical Texture""]",High
hummusqa_q_247,hummusqa,"[""music""]",What roots would you say this song has?,"[""East Europe""]","[""North America"", ""South America"", ""Africa""]","[""q247_785425.mp3""]","[""audio"", ""text""]",text,Historical and Cultural Context,"[""Genre and Style""]",Medium
hummusqa_q_248,hummusqa,"[""music""]",How do the different instruments relate to each other?,"[""They complement each other polyphonically""]","[""They complement each other homophonically."", ""They complement each other with counterpoint lines."", ""They don't complement each other.""]","[""q248_785425.mp3""]","[""audio"", ""text""]",text,Musical Texture,"[""Instrumentation"", ""Melody""]",Medium
hummusqa_q_249,hummusqa,"[""music""]",What is the theme of this song?,"[""love""]","[""faith"", ""religion"", ""freedom""]","[""q249_6730.mp3""]","[""audio"", ""text""]",text,Lyrics,"[""Mood and Expression""]",Low
hummusqa_q_250,hummusqa,"[""music""]",What cadence is played at the end of the song?,"[""Authentic Cadence""]","[""Plagal Cadence"", ""Broken Cadence"", ""Imperfect Cadence""]","[""q250_6730.mp3""]","[""audio"", ""text""]",text,Harmony,"[""Structure""]",High
hummusqa_q_251,hummusqa,"[""music""]",How was the tide in the story told by the singer?,"[""Rising""]","[""Going down"", ""He doesn't talk about that"", ""High""]","[""q251_6730.mp3""]","[""audio"", ""text""]",text,Lyrics,"[""Mood and Expression""]",Low
hummusqa_q_252,hummusqa,"[""music""]",What drug is commonly associated with this genre of music?,"[""Weed""]","[""Alcohol"", ""Cocaine"", ""Heroin""]","[""q252_231013.mp3""]","[""audio"", ""text""]",text,Genre and Style,"[""Historical and Cultural Context""]",Low
hummusqa_q_253,hummusqa,"[""music""]",Which instrument sounds soft and shy?,"[""saxophone""]","[""bass"", ""drums"", ""organ""]","[""q253_231013.mp3""]","[""audio"", ""text""]",text,Instrumentation,"[""Sound Texture"", ""Mood and Expression""]",Low
hummusqa_q_254,hummusqa,"[""music""]",How would you imagine the temperature in the place where this song was created?,"[""Warm""]","[""Cold"", ""Rainy"", ""Extremely hot""]","[""q254_231013.mp3""]","[""audio"", ""text""]",text,Mood and Expression,"[""Sound Texture"", ""Genre and Style"", ""Instrumentation""]",Low
hummusqa_q_255,hummusqa,"[""music""]",How would you rate the sound production of this track?,"[""Amateur""]","[""Professional"", ""Expert"", ""Specialist""]","[""q255_266919.mp3""]","[""audio"", ""text""]",text,Sound Texture,"[""Performance""]",Low
hummusqa_q_256,hummusqa,"[""music""]",What is the main scale used in the song?,"[""Blues""]","[""Whole-half step"", ""Half-whole step"", ""Whole tone scale""]","[""q256_266919.mp3""]","[""audio"", ""text""]",text,Melody,[],High
hummusqa_q_257,hummusqa,"[""music""]",What musical backgrounds would you guess these musicians have?,"[""jazz and rock""]","[""classical"", ""pop"", ""songwriters""]","[""q257_266919.mp3""]","[""audio"", ""text""]",text,Genre and Style,[],Medium
hummusqa_q_258,hummusqa,"[""music""]",Where is the vocalist's accent from?,"[""Brazil""]","[""Portugal"", ""Cape Verde"", ""Mozambique""]","[""q258_349850.mp3""]","[""audio"", ""text""]",text,Historical and Cultural Context,"[""Performance""]",Low
hummusqa_q_259,hummusqa,"[""music""]",There is something strange in the mix. What is it?,"[""The rhythmic guitars are panned in different sides of the stereo and they don't sound at the same time""]","[""The electric guitar is too loud"", ""The percussion is too compressed"", ""The reverb has parallel compression""]","[""q259_349850.mp3""]","[""audio"", ""text""]",text,Sound Texture,"[""Metre and Rhythm"", ""Instrumentation"", ""Performance""]",Medium
hummusqa_q_260,hummusqa,"[""music""]",Which of these musical elements contributes to adding emotion to the song?,"[""A broad melodic contour""]","[""A narrow melodic contour"", ""Rhythmic percussion"", ""Timbre of instruments used""]","[""q260_349850.mp3""]","[""audio"", ""text""]",text,Melody,"[""Mood and Expression""]",Medium
hummusqa_q_261,hummusqa,"[""music""]",What could be the intended mood of this tune?,"[""Relaxing""]","[""Delighting"", ""Depressing"", ""Sad""]","[""q261_924963.mp3""]","[""audio"", ""text""]",text,Mood and Expression,[],Low
hummusqa_q_262,hummusqa,"[""music""]",What does not contribute to creating this mood?,"[""Tremolo""]","[""Reverb"", ""The sound of the guitar"", ""A clear and consonant harmony""]","[""q262_924963.mp3""]","[""audio"", ""text""]",text,Mood and Expression,"[""Sound Texture"", ""Instrumentation"", ""Harmony"", ""Performance""]",Medium
hummusqa_q_263,hummusqa,"[""music""]",Which of these genres cannot be recognized in this tune?,"[""Drone music""]","[""Ambient"", ""New Age"", ""Modern classical music""]","[""q263_924963.mp3""]","[""audio"", ""text""]",text,Genre and Style,[],Medium
hummusqa_q_264,hummusqa,"[""music""]",Which of these genres cannot be recognized in this tune?,"[""Flamenco""]","[""Hip hop"", ""Pop"", ""Soul""]","[""q264_1138775.mp3""]","[""audio"", ""text""]",text,Genre and Style,[],Low
hummusqa_q_265,hummusqa,"[""music""]",What type of drums are featured in this song?,"[""Drum machine""]","[""Acoustic Drums"", ""Hybrid drums"", ""Percussion""]","[""q265_1138775.mp3""]","[""audio"", ""text""]",text,Instrumentation,"[""Sound Texture""]",Low
hummusqa_q_266,hummusqa,"[""music""]",Who is the primary audience intended for the song?,"[""Young women""]","[""Elder women"", ""Elder men"", ""Other""]","[""q266_1138775.mp3""]","[""audio"", ""text""]",text,Functional Context,[],Low
hummusqa_q_267,hummusqa,"[""music""]",Which instrument is not present in the song?,"[""mandolin""]","[""castanets"", ""flamenco cajón"", ""guitar""]","[""q267_1070646.mp3""]","[""audio"", ""text""]",text,Instrumentation,[],Medium
hummusqa_q_268,hummusqa,"[""music""]",Where could the roots of this song be?,"[""Andalucia""]","[""Mexico"", ""Cuba"", ""Barcelona""]","[""q268_1070646.mp3""]","[""audio"", ""text""]",text,Historical and Cultural Context,"[""Genre and Style""]",Medium
hummusqa_q_269,hummusqa,"[""music""]",Which scales or modes are related to the one we hear in this song?,"[""Phrygian""]","[""Ionian"", ""Lydian"", ""Mixolydian""]","[""q269_1070646.mp3""]","[""audio"", ""text""]",text,Melody,"[""Harmony""]",High
hummusqa_q_270,hummusqa,"[""music""]",What instrument does the sound of the lead bass imitate at the beginning of the song?,"[""Sitar""]","[""Piano"", ""Organ"", ""trumpet""]","[""q270_17954.mp3""]","[""audio"", ""text""]",text,Instrumentation,"[""Sound Texture""]",Low
hummusqa_q_271,hummusqa,"[""music""]",What comping technique is used by the keyboard player?,"[""Approaching chords""]","[""stride piano"", ""Garland-style comping""]","[""q271_17954.mp3""]","[""audio"", ""text""]",text,Performance,"[""Harmony"", ""Instrumentation""]",High
hummusqa_q_272,hummusqa,"[""music""]",What solo technique does the sax player use to make the improvisation harmonically interesting?,"[""Playing momentarily outside the key of the song""]","[""Quoting popular melodies"", ""Playing only one note"", ""Playing the Hendrix scale""]","[""q272_17954.mp3""]","[""audio"", ""text""]",text,Harmony,"[""Melody"", ""Performance""]",High
hummusqa_q_273,hummusqa,"[""music""]",Which of the following statements is true?,"[""The introduction copies a popular classical melody""]","[""The end of the song doesn't use a melody from any other song"", ""The melody of the chorus is related to the melody of the introduction"", ""The introduction is motivically related to the rest of the song""]","[""q273_1131366.mp3""]","[""audio"", ""text""]",text,Melody,"[""Structure"", ""Historical and Cultural Context""]",Low
hummusqa_q_274,hummusqa,"[""music""]",Which of the following statements is not true?,"[""The accompaniment doesn't use the leading note""]","[""The verse starts with a two-chord harmonic progression"", ""The song uses the Andalusian cadence"", ""The guitar plays filling motives between the vocal phrases""]","[""q274_1131366.mp3""]","[""audio"", ""text""]",text,Harmony,"[""Instrumentation"", ""Musical Texture""]",High
hummusqa_q_275,hummusqa,"[""music""]",What effect is created by modulating the song?,"[""It creates excitement""]","[""It creates relaxation"", ""It creates a different mood in the song."", ""It introduces different musical elements.""]","[""q275_1131366.mp3""]","[""audio"", ""text""]",text,Mood and Expression,"[""Harmony""]",Low
hummusqa_q_276,hummusqa,"[""music""]",Which of the following statements is true about the introduction?,"[""The piano plays a pentatonic pattern""]","[""The piano plays a pentatonic scale"", ""The piano plays a diatonic scale"", ""The piano is not playing with the sustain pedal""]","[""q276_30259.mp3""]","[""audio"", ""text""]",text,Melody,"[""Performance""]",High
hummusqa_q_277,hummusqa,"[""music""]",What is this music intended for?,"[""Dancing""]","[""Sleeping"", ""a funeral"", ""a religious ceremony""]","[""q277_30259.mp3""]","[""audio"", ""text""]",text,Functional Context,[],Low
hummusqa_q_278,hummusqa,"[""music""]",What topics do the lyrics cover?,"[""Social change""]","[""Love"", ""Friendship"", ""The western world""]","[""q278_30259.mp3""]","[""audio"", ""text""]",text,Lyrics,"[""Historical and Cultural Context""]",Low
hummusqa_q_279,hummusqa,"[""music""]",Which instrument is least commonly associated with Reggae music?,"[""Drums""]","[""Piano"", ""Vocals"", ""Organ""]","[""q279_617329.mp3""]","[""audio"", ""text""]",text,Instrumentation,"[""Genre and Style""]",Low
hummusqa_q_280,hummusqa,"[""music""]",What is the protest content of the lyrics?,"[""High""]","[""Medium"", ""Low""]","[""q280_617329.mp3""]","[""audio"", ""text""]",text,Lyrics,"[""Historical and Cultural Context"", ""Mood and Expression""]",Low
hummusqa_q_281,hummusqa,"[""music""]",Who sings the choir vocals?,"[""The same singer as the lead voice""]","[""A different person than the lead singer"", ""Other singers"", ""A cloned voice""]","[""q281_617329.mp3""]","[""audio"", ""text""]",text,Performance,"[""Instrumentation"", ""Musical Texture""]",Medium
hummusqa_q_282,hummusqa,"[""music""]",Which instrument has a strong presence in the center of the mix?,"[""Bass""]","[""guitar"", ""trumpet"", ""keyboard""]","[""q282_852.mp3""]","[""audio"", ""text""]",text,Sound Texture,"[""Instrumentation""]",Low
hummusqa_q_283,hummusqa,"[""music""]",What audio effect gives the guitar a funky vibe in this song?,"[""Wah-wah""]","[""reverb"", ""echo"", ""delay""]","[""q283_852.mp3""]","[""audio"", ""text""]",text,Sound Texture,"[""Mood and Expression"", ""Genre and Style""]",Low
hummusqa_q_284,hummusqa,"[""music""]",Which of these statements is true?,"[""The vocal style of the chorus is very rhythmic and with few words""]","[""The vocal style of the chorus is a bit rhythmic and melismatic"", ""There is no vocals"", ""The vocal style of the chorus isn't syncopated""]","[""q284_852.mp3""]","[""audio"", ""text""]",text,Performance,"[""Metre and Rhythm"", ""Lyrics""]",Low
hummusqa_q_285,hummusqa,"[""music""]",Which of the following situations would not be suitable for this music?,"[""An anniversary party""]","[""A soundtrack of a movie"", ""A theater play"", ""A concert for children""]","[""q285_1222340.mp3""]","[""audio"", ""text""]",text,Functional Context,"[""Mood and Expression"", ""Genre and Style""]",Low
hummusqa_q_286,hummusqa,"[""music""]",Which of the following musical elements is most prominent in this piece?,"[""Melody""]","[""Harmony"", ""Rhythm"", ""Timbre""]","[""q286_1222340.mp3""]","[""audio"", ""text""]",text,Melody,"[""Harmony"", ""Metre and Rhythm"", ""Sound Texture""]",Low
hummusqa_q_287,hummusqa,"[""music""]",What do the melodic instruments imitate?,"[""A conversation""]","[""A painting"", ""A sculpture"", ""An essay""]","[""q287_1222340.mp3""]","[""audio"", ""text""]",text,Melody,"[""Musical Texture""]",Low
hummusqa_q_288,hummusqa,"[""music""]",What type of movie theme would you say this song fits?,"[""Epic""]","[""Love"", ""Adventure"", ""Mystery""]","[""q288_1222369.mp3""]","[""audio"", ""text""]",text,Genre and Style,"[""Mood and Expression"", ""Functional Context""]",Low
hummusqa_q_289,hummusqa,"[""music""]",What feeling does this song add to the picture?,"[""tension""]","[""calm"", ""intrigue"", ""excitement""]","[""q289_1222369.mp3""]","[""audio"", ""text""]",text,Mood and Expression,[],Low
hummusqa_q_290,hummusqa,"[""music""]",Which of these elements does not contribute to creating tension in the song?,"[""long notes played by the trumpet""]","[""ostinato"", ""accents"", ""percussion""]","[""q290_1222369.mp3""]","[""audio"", ""text""]",text,Mood and Expression,"[""Instrumentation"", ""Performance"", ""Musical Texture""]",Low
hummusqa_q_291,hummusqa,"[""music""]",Which of these statements is true?,"[""The instruments do not sound as they were quantized""]","[""There are no instruments being played"", ""The instruments sound as if they were quantized"", ""The production uses a lot of compression""]","[""q291_1352257.mp3""]","[""audio"", ""text""]",text,Metre and Rhythm,"[""Performance"", ""Sound Texture""]",Medium
hummusqa_q_292,hummusqa,"[""music""]",Which country does this music remind you of?,"[""Brazil""]","[""Spain"", ""Cuba"", ""Mexico""]","[""q292_1352257.mp3""]","[""audio"", ""text""]",text,Historical and Cultural Context,"[""Genre and Style"", ""Mood and Expression""]",Low
hummusqa_q_293,hummusqa,"[""music""]",What is the main goal of the bass line?,"[""Play the fundamental and the 5th""]","[""Play the fundamental"", ""Play the fundamental and the 7th"", ""Play the fundamental and the 3rd""]","[""q293_1352257.mp3""]","[""audio"", ""text""]",text,Harmony,"[""Instrumentation"", ""Musical Texture""]",High
hummusqa_q_294,hummusqa,"[""music""]",What is the most important element in this song?,"[""Texture/Timbre""]","[""Melody"", ""Harmony"", ""Rhythm""]","[""q294_1936726.mp3""]","[""audio"", ""text""]",text,Sound Texture,"[""Musical Texture"", ""Melody"", ""Harmony"", ""Metre and Rhythm""]",Medium
hummusqa_q_295,hummusqa,"[""music""]",What is the decay time of the reverb used in this song?,"[""Long""]","[""Short"", ""Medium"", ""Very short""]","[""q295_1936726.mp3""]","[""audio"", ""text""]",text,Sound Texture,"[""Performance""]",Medium
hummusqa_q_296,hummusqa,"[""music""]",How is the reverb size used in this song?,"[""Large""]","[""Small"", ""Medium"", ""Very small""]","[""q296_1936726.mp3""]","[""audio"", ""text""]",text,Sound Texture,"[""Mood and Expression""]",Medium
hummusqa_q_297,hummusqa,"[""music""]",What type of pedal effect is applied on the voice in the intro?,"[""Fuzz pedal""]","[""Distortion pedal"", ""Delay pedal"", ""Octaver pedal""]","[""q297_1320579.mp3""]","[""audio"", ""text""]",text,Sound Texture,[],High
hummusqa_q_298,hummusqa,"[""music""]",What instrument plays the bass line?,"[""Bass Guitar""]","[""Acoustic bass"", ""Synth Bass"", ""There´s no bass""]","[""q298_1320579.mp3""]","[""audio"", ""text""]",text,Instrumentation,"[""Musical Texture""]",Low
hummusqa_q_299,hummusqa,"[""music""]",What region of the US does this type of music usually remind you of?,"[""Southern music""]","[""Midwest music"", ""East coast music"", ""Northwest music""]","[""q299_1320579.mp3""]","[""audio"", ""text""]",text,Historical and Cultural Context,"[""Genre and Style""]",Low
hummusqa_q_300,hummusqa,"[""music""]",Which instruments are used to accompany the voice in the intro?,"[""Synth & drum pads""]","[""Piano and percussion"", ""Drums & Bass"", ""Guitar & piano""]","[""q300_1079319.mp3""]","[""audio"", ""text""]",text,Instrumentation,"[""Structure"", ""Musical Texture""]",Low
hummusqa_q_301,hummusqa,"[""music""]",What do the lyrics suggest?,"[""Sexual connotation""]","[""Romantic connotation"", ""Love"", ""Hope""]","[""q301_1079319.mp3""]","[""audio"", ""text""]",text,Lyrics,"[""Mood and Expression""]",Low
hummusqa_q_302,hummusqa,"[""music""]",What´s the style of the song?,"[""Neo hip hop""]","[""Pop"", ""Rap"", ""Jazz""]","[""q302_1079319.mp3""]","[""audio"", ""text""]",text,Genre and Style,[],High
hummusqa_q_303,hummusqa,"[""music""]",What kind of music does the intro evoke?,"[""Middle eastern music""]","[""Mediterranean"", ""Latin music"", ""Asian music""]","[""q303_498814.mp3""]","[""audio"", ""text""]",text,Genre and Style,"[""Historical and Cultural Context""]",Low
hummusqa_q_304,hummusqa,"[""music""]",Which tonality is used in the intro?,"[""E minor""]","[""G major"", ""C minor"", ""A major""]","[""q304_498814.mp3""]","[""audio"", ""text""]",text,Harmony,"[""Structure""]",High
hummusqa_q_305,hummusqa,"[""music""]",What mode is mainly played by the guitar?,"[""Phrygian""]","[""Dorian"", ""Locrian"", ""Ionian""]","[""q305_498814.mp3""]","[""audio"", ""text""]",text,Melody,"[""Instrumentation""]",High
hummusqa_q_306,hummusqa,"[""music""]",How many guitars are playing during the song?,"[""Three""]","[""Two"", ""Four"", ""One""]","[""q306_785413.mp3""]","[""audio"", ""text""]",text,Instrumentation,"[""Musical Texture""]",Medium
hummusqa_q_307,hummusqa,"[""music""]",What type of guitars are used?,"[""Acoustic & electric""]","[""Only acoustic"", ""Only electric"", ""Bass guitar""]","[""q307_785413.mp3""]","[""audio"", ""text""]",text,Instrumentation,[],Low
hummusqa_q_308,hummusqa,"[""music""]",Which percussion instruments are used in the song?,"[""Cajón Peruano and brushes""]","[""Congas"", ""Timbal and buss drum"", ""Bongo""]","[""q308_785413.mp3""]","[""audio"", ""text""]",text,Instrumentation,"[""Sound Texture""]",Medium
hummusqa_q_309,hummusqa,"[""music""]",What is the configuration in the brass section?,"[""2 trumpets, 1 trombone, 2 Saxos""]","[""1 trumpet, 1 trombone , 1 sax"", ""1 Sax, 1 Trumpet"", ""3 trumpets""]","[""q309_964594.mp3""]","[""audio"", ""text""]",text,Instrumentation,[],Medium
hummusqa_q_310,hummusqa,"[""music""]",What type of genre is this song?,"[""Merengue""]","[""Salsa"", ""Cumbia"", ""Ska""]","[""q310_964594.mp3""]","[""audio"", ""text""]",text,Genre and Style,[],Medium
hummusqa_q_311,hummusqa,"[""music""]",What's the instrument used to mark the rhythm?,"[""Metallic guiro""]","[""Wooden guiro"", ""Cow bell"", ""Congas""]","[""q311_964594.mp3""]","[""audio"", ""text""]",text,Instrumentation,"[""Metre and Rhythm""]",Medium
hummusqa_q_312,hummusqa,"[""music""]",Which piano technique is used during the accompaniment?,"[""Rhythmic arpeggios""]","[""Block chords"", ""Counterpoint"", ""Rhythmic comping""]","[""q312_1051203.mp3""]","[""audio"", ""text""]",text,Musical Texture,"[""Performance"", ""Metre and Rhythm""]",Medium
hummusqa_q_313,hummusqa,"[""music""]",What emotions do the lyrics evoke?,"[""Sadness""]","[""Dreaminess"", ""Joy"", ""Triumph""]","[""q313_1051203.mp3""]","[""audio"", ""text""]",text,Mood and Expression,"[""Lyrics""]",Low
hummusqa_q_314,hummusqa,"[""music""]",What dynamics are used by the piano to accompany the bridge?,"[""Crescendo/Discrescendo""]","[""Fortissimo"", ""Pianissimo"", ""Mezzo piano""]","[""q314_1051203.mp3""]","[""audio"", ""text""]",text,Performance,"[""Structure"", ""Instrumentation""]",Medium
hummusqa_q_315,hummusqa,"[""music""]",What´s the rhythm used by the drums in the song?,"[""Four on the floor""]","[""Swing"", ""Shuffle""]","[""q315_1351134.mp3""]","[""audio"", ""text""]",text,Metre and Rhythm,"[""Instrumentation"", ""Performance""]",Medium
hummusqa_q_316,hummusqa,"[""music""]",Where is this type of music usually played?,"[""Honky Tonk bars""]","[""Jazz clubs"", ""Night clubs"", ""Restaurants""]","[""q316_1351134.mp3""]","[""audio"", ""text""]",text,Functional Context,"[""Genre and Style""]",Low
hummusqa_q_317,hummusqa,"[""music""]",What percussion instrument is used to divide tempo?,"[""Tambourine""]","[""Cow Bell"", ""Maracas"", ""Congas""]","[""q317_1351134.mp3""]","[""audio"", ""text""]",text,Metre and Rhythm,"[""Instrumentation""]",Low
hummusqa_q_318,hummusqa,"[""music""]",What type of technique is used by the guitar?,"[""Fingerpicking""]","[""Palm mute"", ""Travis picking"", ""Tremolo picking""]","[""q318_307395.mp3""]","[""audio"", ""text""]",text,Performance,"[""Instrumentation""]",Medium
hummusqa_q_319,hummusqa,"[""music""]",What kind of clave is used by the percussion?,"[""3+2""]","[""2+3"", ""2+2"", ""3+3""]","[""q319_307395.mp3""]","[""audio"", ""text""]",text,Metre and Rhythm,"[""Genre and Style"", ""Historical and Cultural Context"", ""Instrumentation""]",High
hummusqa_q_320,hummusqa,"[""music""]",What is this genre called?,"[""Trova cubana""]","[""Flamenco"", ""Folk"", ""Jazz""]","[""q320_307395.mp3""]","[""audio"", ""text""]",text,Genre and Style,"[""Historical and Cultural Context""]",High
